
============================================================
STORM THRESHOLD COMPUTATION (ULTRA-DEFENSIVE VERSION)
============================================================
CSV path:   metadata/train_multihorizon.csv
Percentile: 99.5
Parallel jobs: 71
Sample size: 10,000,000
============================================================

Using only 'train' split: 683444 rows
Using columns: ['radar_path_15', 'radar_path_30', 'radar_path_45', 'radar_path_60']
Total unique radar files: 719,268
Processing in 1439 batches of 500 files each

============================================================
Batch 1/1439: Processing 500 files...
  Concatenating batch arrays...
  Filtering NaN/Inf...
  Valid batch pixels: 20,722,173
  Batch min: 0.12
  Batch max: 55.31
  Sampling 7,949 pixels from batch...
  Sample size after final filter: 7,949

============================================================
Batch 2/1439: Processing 500 files...
  Concatenating batch arrays...
  Filtering NaN/Inf...
  Valid batch pixels: 34,738,449
  Batch min: 0.12
  Batch max: 84.62
  Sampling 7,949 pixels from batch...
  Sample size after final filter: 7,949

============================================================
Batch 3/1439: Processing 500 files...
  Concatenating batch arrays...
  Filtering NaN/Inf...
  Valid batch pixels: 8,479,741
  Batch min: 0.12
  Batch max: 46.81
  Sampling 7,949 pixels from batch...
  Sample size after final filter: 7,949

============================================================
Batch 4/1439: Processing 500 files...
  Concatenating batch arrays...
  Filtering NaN/Inf...
  Valid batch pixels: 4,278,066
  Batch min: 0.12
  Batch max: 44.88
  Sampling 7,949 pixels from batch...
  Sample size after final filter: 7,949

============================================================
Batch 5/1439: Processing 500 files...
  Concatenating batch arrays...
  Filtering NaN/Inf...
  Valid batch pixels: 60,960,363
  Batch min: 0.12
  Batch max: 122.06
  Sampling 7,949 pixels from batch...
  Sample size after final filter: 7,949

============================================================
Batch 6/1439: Processing 500 files...
  Concatenating batch arrays...
  Filtering NaN/Inf...
  Valid batch pixels: 44,721,707
  Batch min: 0.12
  Batch max: 175.25
  Sampling 7,949 pixels from batch...
  Sample size after final filter: 7,949

============================================================
Batch 7/1439: Processing 500 files...
  Concatenating batch arrays...
  Filtering NaN/Inf...
  Valid batch pixels: 29,255,749
  Batch min: 0.12
  Batch max: 79.56
  Sampling 7,949 pixels from batch...
  Sample size after final filter: 7,949

============================================================
Batch 8/1439: Processing 500 files...
  Concatenating batch arrays...
  Filtering NaN/Inf...
  Valid batch pixels: 701,539
  Batch min: 0.12
  Batch max: 38.53
  Sampling 7,949 pixels from batch...
  Sample size after final filter: 7,949

============================================================
Batch 9/1439: Processing 500 files...
  Concatenating batch arrays...
  Filtering NaN/Inf...
  Valid batch pixels: 74,175
  Batch min: 0.12
  Batch max: 4.32
  Sampling 7,949 pixels from batch...
  Sample size after final filter: 7,949

============================================================
Batch 10/1439: Processing 500 files...
  Concatenating batch arrays...
  Filtering NaN/Inf...
  Valid batch pixels: 3,347,713
  Batch min: 0.12
  Batch max: 32.66
  Sampling 7,949 pixels from batch...
  Sample size after final filter: 7,949

============================================================
Batch 11/1439: Processing 500 files...
  Concatenating batch arrays...
  Filtering NaN/Inf...
  Valid batch pixels: 18,588
  Batch min: 0.12
  Batch max: 4.32
  Sampling 7,949 pixels from batch...
  Sample size after final filter: 7,949

============================================================
Batch 12/1439: Processing 500 files...
  Concatenating batch arrays...
  Filtering NaN/Inf...
  Valid batch pixels: 686,693
  Batch min: 0.12
  Batch max: 20.41
  Sampling 7,949 pixels from batch...
  Sample size after final filter: 7,949

============================================================
Batch 13/1439: Processing 500 files...
  Concatenating batch arrays...
  Filtering NaN/Inf...
  Valid batch pixels: 17,943,683
  Batch min: 0.12
  Batch max: 17.64
  Sampling 7,949 pixels from batch...
  Sample size after final filter: 7,949

============================================================
Batch 14/1439: Processing 500 files...
  Concatenating batch arrays...
  Filtering NaN/Inf...
  Valid batch pixels: 24,184,857
  Batch min: 0.12
  Batch max: 33.97
  Sampling 7,949 pixels from batch...
  Sample size after final filter: 7,949

============================================================
Batch 15/1439: Processing 500 files...
  Concatenating batch arrays...
  Filtering NaN/Inf...
  Valid batch pixels: 39,533,050
  Batch min: 0.12
  Batch max: 68.06
  Sampling 7,949 pixels from batch...
  Sample size after final filter: 7,949

============================================================
Batch 16/1439: Processing 500 files...
  Concatenating batch arrays...
  Filtering NaN/Inf...
  Valid batch pixels: 7,637,658
  Batch min: 0.12
  Batch max: 60.69
  Sampling 7,949 pixels from batch...
  Sample size after final filter: 7,949

============================================================
Batch 17/1439: Processing 500 files...
  Concatenating batch arrays...
  Filtering NaN/Inf...
  Valid batch pixels: 39,530,189
  Batch min: 0.12
  Batch max: 25.08
  Sampling 7,949 pixels from batch...
  Sample size after final filter: 7,949

============================================================
Batch 18/1439: Processing 500 files...
  Concatenating batch arrays...
  Filtering NaN/Inf...
  Valid batch pixels: 23,669,822
  Batch min: 0.12
  Batch max: 54.25
  Sampling 7,949 pixels from batch...
  Sample size after final filter: 7,949

============================================================
Batch 19/1439: Processing 500 files...
  Concatenating batch arrays...
  Filtering NaN/Inf...
  Valid batch pixels: 39,200,552
  Batch min: 0.12
  Batch max: 62.53
  Sampling 7,949 pixels from batch...
  Sample size after final filter: 7,949

============================================================
Batch 20/1439: Processing 500 files...
  Concatenating batch arrays...
  Filtering NaN/Inf...
  Valid batch pixels: 17,830,157
  Batch min: 0.12
  Batch max: 84.62
  Sampling 7,949 pixels from batch...
  Sample size after final filter: 7,949

============================================================
Batch 21/1439: Processing 500 files...
  Concatenating batch arrays...
  Filtering NaN/Inf...
  Valid batch pixels: 730,601
  Batch min: 0.12
  Batch max: 34.81
  Sampling 7,949 pixels from batch...
  Sample size after final filter: 7,949

============================================================
Batch 22/1439: Processing 500 files...
  Concatenating batch arrays...
  Filtering NaN/Inf...
  Valid batch pixels: 291,023
  Batch min: 0.12
  Batch max: 16.44
  Sampling 7,949 pixels from batch...
  Sample size after final filter: 7,949

============================================================
Batch 23/1439: Processing 500 files...
  Concatenating batch arrays...
  Filtering NaN/Inf...
  Valid batch pixels: 9,318,672
  Batch min: 0.12
  Batch max: 36.12
  Sampling 7,949 pixels from batch...
  Sample size after final filter: 7,949

============================================================
Batch 24/1439: Processing 500 files...
  Concatenating batch arrays...
  Filtering NaN/Inf...
  Valid batch pixels: 4,709,764
  Batch min: 0.12
  Batch max: 43.19
  Sampling 7,949 pixels from batch...
  Sample size after final filter: 7,949

============================================================
Batch 25/1439: Processing 500 files...
  Concatenating batch arrays...
  Filtering NaN/Inf...
  Valid batch pixels: 1,136,812
  Batch min: 0.12
  Batch max: 19.19
  Sampling 7,949 pixels from batch...
  Sample size after final filter: 7,949

============================================================
Batch 26/1439: Processing 500 files...
  Concatenating batch arrays...
  Filtering NaN/Inf...
  Valid batch pixels: 7,679,517
  Batch min: 0.12
  Batch max: 42.00
  Sampling 7,949 pixels from batch...
  Sample size after final filter: 7,949

============================================================
Batch 27/1439: Processing 500 files...
  Concatenating batch arrays...
  Filtering NaN/Inf...
  Valid batch pixels: 122,704
  Batch min: 0.12
  Batch max: 6.48
  Sampling 7,949 pixels from batch...
  Sample size after final filter: 7,949

============================================================
Batch 28/1439: Processing 500 files...
  Concatenating batch arrays...
  Filtering NaN/Inf...
  Valid batch pixels: 142,161
  Batch min: 0.12
  Batch max: 19.08
  Sampling 7,949 pixels from batch...
  Sample size after final filter: 7,949

============================================================
Batch 29/1439: Processing 500 files...
  Concatenating batch arrays...
  Filtering NaN/Inf...
  Valid batch pixels: 8,597,798
  Batch min: 0.12
  Batch max: 29.66
  Sampling 7,949 pixels from batch...
  Sample size after final filter: 7,949

============================================================
Batch 30/1439: Processing 500 files...
  Concatenating batch arrays...
  Filtering NaN/Inf...
  Valid batch pixels: 19,961,240
  Batch min: 0.12
  Batch max: 57.94
  Sampling 7,949 pixels from batch...
  Sample size after final filter: 7,949

============================================================
Batch 31/1439: Processing 500 files...
  Concatenating batch arrays...
  Filtering NaN/Inf...
  Valid batch pixels: 669,778
  Batch min: 0.12
  Batch max: 28.31
  Sampling 7,949 pixels from batch...
  Sample size after final filter: 7,949

============================================================
Batch 32/1439: Processing 500 files...
  Concatenating batch arrays...
  Filtering NaN/Inf...
  Valid batch pixels: 19,965,839
  Batch min: 0.12
  Batch max: 49.69
  Sampling 7,949 pixels from batch...
  Sample size after final filter: 7,949

============================================================
Batch 33/1439: Processing 500 files...
  Concatenating batch arrays...
  Filtering NaN/Inf...
  Valid batch pixels: 23,411,667
  Batch min: 0.12
  Batch max: 49.31
  Sampling 7,949 pixels from batch...
  Sample size after final filter: 7,949

============================================================
Batch 34/1439: Processing 500 files...
  Concatenating batch arrays...
  Filtering NaN/Inf...
  Valid batch pixels: 81,557,907
  Batch min: 0.12
  Batch max: 117.00
  Sampling 7,949 pixels from batch...
  Sample size after final filter: 7,949

============================================================
Batch 35/1439: Processing 500 files...
  Concatenating batch arrays...
  Filtering NaN/Inf...
  Valid batch pixels: 68,555,338
  Batch min: 0.12
  Batch max: 95.50
  Sampling 7,949 pixels from batch...
  Sample size after final filter: 7,949

============================================================
Batch 36/1439: Processing 500 files...
  Concatenating batch arrays...
  Filtering NaN/Inf...
  Valid batch pixels: 31,535,430
  Batch min: 0.12
  Batch max: 84.62
  Sampling 7,949 pixels from batch...
  Sample size after final filter: 7,949

============================================================
Batch 37/1439: Processing 500 files...
  Concatenating batch arrays...
  Filtering NaN/Inf...
  Valid batch pixels: 22,716,403
  Batch min: 0.12
  Batch max: 48.00
  Sampling 7,949 pixels from batch...
  Sample size after final filter: 7,949

============================================================
Batch 38/1439: Processing 500 files...
  Concatenating batch arrays...
  Filtering NaN/Inf...
  Valid batch pixels: 1,040,675
  Batch min: 0.12
  Batch max: 39.62
  Sampling 7,949 pixels from batch...
  Sample size after final filter: 7,949

============================================================
Batch 39/1439: Processing 500 files...
  Concatenating batch arrays...
  Filtering NaN/Inf...
  Valid batch pixels: 4,323,698
  Batch min: 0.12
  Batch max: 90.00
  Sampling 7,949 pixels from batch...
  Sample size after final filter: 7,949

============================================================
Batch 40/1439: Processing 500 files...
  Concatenating batch arrays...
  Filtering NaN/Inf...
  Valid batch pixels: 3,873,022
  Batch min: 0.12
  Batch max: 17.88
  Sampling 7,949 pixels from batch...
  Sample size after final filter: 7,949

============================================================
Batch 41/1439: Processing 500 files...
  Concatenating batch arrays...
  Filtering NaN/Inf...
  Valid batch pixels: 6,554,343
  Batch min: 0.12
  Batch max: 118.62
  Sampling 7,949 pixels from batch...
  Sample size after final filter: 7,949

============================================================
Batch 42/1439: Processing 500 files...
  Concatenating batch arrays...
  Filtering NaN/Inf...
  Valid batch pixels: 5,986,649
  Batch min: 0.12
  Batch max: 109.88
  Sampling 7,949 pixels from batch...
  Sample size after final filter: 7,949

============================================================
Batch 43/1439: Processing 500 files...
  Concatenating batch arrays...
  Filtering NaN/Inf...
  Valid batch pixels: 3,342,642
  Batch min: 0.12
  Batch max: 35.75
  Sampling 7,949 pixels from batch...
  Sample size after final filter: 7,949

============================================================
Batch 44/1439: Processing 500 files...
  Concatenating batch arrays...
  Filtering NaN/Inf...
  Valid batch pixels: 28,401,715
  Batch min: 0.12
  Batch max: 148.00
  Sampling 7,949 pixels from batch...
  Sample size after final filter: 7,949

============================================================
Batch 45/1439: Processing 500 files...
  Concatenating batch arrays...
  Filtering NaN/Inf...
  Valid batch pixels: 47,459,653
  Batch min: 0.12
  Batch max: 210.50
  Sampling 7,949 pixels from batch...
  Sample size after final filter: 7,949

============================================================
Batch 46/1439: Processing 500 files...
  Concatenating batch arrays...
  Filtering NaN/Inf...
  Valid batch pixels: 48,535,592
  Batch min: 0.12
  Batch max: 88.69
  Sampling 7,949 pixels from batch...
  Sample size after final filter: 7,949

============================================================
Batch 47/1439: Processing 500 files...
  Concatenating batch arrays...
  Filtering NaN/Inf...
  Valid batch pixels: 23,985,041
  Batch min: 0.12
  Batch max: 289.50
  Sampling 7,949 pixels from batch...
  Sample size after final filter: 7,949

============================================================
Batch 48/1439: Processing 500 files...
  Concatenating batch arrays...
  Filtering NaN/Inf...
  Valid batch pixels: 4,313,352
  Batch min: 0.12
  Batch max: 152.00
  Sampling 7,949 pixels from batch...
  Sample size after final filter: 7,949

============================================================
Batch 49/1439: Processing 500 files...
  Concatenating batch arrays...
  Filtering NaN/Inf...
  Valid batch pixels: 10,355,439
  Batch min: 0.12
  Batch max: 488.00
  Sampling 7,949 pixels from batch...
  Sample size after final filter: 7,949

============================================================
Batch 50/1439: Processing 500 files...
  Concatenating batch arrays...
  Filtering NaN/Inf...
  Valid batch pixels: 11,564,194
  Batch min: 0.12
  Batch max: 43.31
  Sampling 7,949 pixels from batch...
  Sample size after final filter: 7,949

============================================================
Batch 51/1439: Processing 500 files...
  Concatenating batch arrays...
  Filtering NaN/Inf...
  Valid batch pixels: 29,079,093
  Batch min: 0.12
  Batch max: 169.00
  Sampling 7,949 pixels from batch...
  Sample size after final filter: 7,949

============================================================
Batch 52/1439: Processing 500 files...
  Concatenating batch arrays...
  Filtering NaN/Inf...
  Valid batch pixels: 19,821,508
  Batch min: 0.12
  Batch max: 168.38
  Sampling 7,949 pixels from batch...
  Sample size after final filter: 7,949

============================================================
Batch 53/1439: Processing 500 files...
  Concatenating batch arrays...
  Filtering NaN/Inf...
  Valid batch pixels: 15,037,287
  Batch min: 0.12
  Batch max: 114.75
  Sampling 7,949 pixels from batch...
  Sample size after final filter: 7,949

============================================================
Batch 54/1439: Processing 500 files...
  Concatenating batch arrays...
  Filtering NaN/Inf...
  Valid batch pixels: 7,276,549
  Batch min: 0.12
  Batch max: 116.44
  Sampling 7,949 pixels from batch...
  Sample size after final filter: 7,949

============================================================
Batch 55/1439: Processing 500 files...
  Concatenating batch arrays...
  Filtering NaN/Inf...
  Valid batch pixels: 23,201,476
  Batch min: 0.12
  Batch max: 186.50
  Sampling 7,949 pixels from batch...
  Sample size after final filter: 7,949

============================================================
Batch 56/1439: Processing 500 files...
  Concatenating batch arrays...
  Filtering NaN/Inf...
  Valid batch pixels: 5,515,484
  Batch min: 0.12
  Batch max: 61.69
  Sampling 7,949 pixels from batch...
  Sample size after final filter: 7,949

============================================================
Batch 57/1439: Processing 500 files...
  Concatenating batch arrays...
  Filtering NaN/Inf...
  Valid batch pixels: 87,166
  Batch min: 0.12
  Batch max: 90.00
  Sampling 7,949 pixels from batch...
  Sample size after final filter: 7,949

============================================================
Batch 58/1439: Processing 500 files...
  Concatenating batch arrays...
  Filtering NaN/Inf...
  Valid batch pixels: 10,725,349
  Batch min: 0.12
  Batch max: 462.50
  Sampling 7,949 pixels from batch...
  Sample size after final filter: 7,949

============================================================
Batch 59/1439: Processing 500 files...
  Concatenating batch arrays...
  Filtering NaN/Inf...
  Valid batch pixels: 18,915,804
  Batch min: 0.12
  Batch max: 237.38
  Sampling 7,949 pixels from batch...
  Sample size after final filter: 7,949

============================================================
Batch 60/1439: Processing 500 files...
  Concatenating batch arrays...
  Filtering NaN/Inf...
  Valid batch pixels: 3,440,664
  Batch min: 0.12
  Batch max: 49.06
  Sampling 7,949 pixels from batch...
  Sample size after final filter: 7,949

============================================================
Batch 61/1439: Processing 500 files...
  Concatenating batch arrays...
  Filtering NaN/Inf...
  Valid batch pixels: 3,361,803
  Batch min: 0.12
  Batch max: 186.25
  Sampling 7,949 pixels from batch...
  Sample size after final filter: 7,949

============================================================
Batch 62/1439: Processing 500 files...
  Concatenating batch arrays...
  Filtering NaN/Inf...
  Valid batch pixels: 14,802,585
  Batch min: 0.12
  Batch max: 409.50
  Sampling 7,949 pixels from batch...
  Sample size after final filter: 7,949

============================================================
Batch 63/1439: Processing 500 files...
  Concatenating batch arrays...
  Filtering NaN/Inf...
  Valid batch pixels: 20,427,462
  Batch min: 0.12
  Batch max: 252.25
  Sampling 7,949 pixels from batch...
  Sample size after final filter: 7,949

============================================================
Batch 64/1439: Processing 500 files...
  Concatenating batch arrays...
  Filtering NaN/Inf...
  Valid batch pixels: 7,243,755
  Batch min: 0.12
  Batch max: 44.88
  Sampling 7,949 pixels from batch...
  Sample size after final filter: 7,949

============================================================
Batch 65/1439: Processing 500 files...
  Concatenating batch arrays...
  Filtering NaN/Inf...
  Valid batch pixels: 32,956,230
  Batch min: 0.12
  Batch max: 128.12
  Sampling 7,949 pixels from batch...
  Sample size after final filter: 7,949

============================================================
Batch 66/1439: Processing 500 files...
  Concatenating batch arrays...
  Filtering NaN/Inf...
  Valid batch pixels: 22,313,357
  Batch min: 0.12
  Batch max: 127.31
  Sampling 7,949 pixels from batch...
  Sample size after final filter: 7,949

============================================================
Batch 67/1439: Processing 500 files...
  Concatenating batch arrays...
  Filtering NaN/Inf...
  Valid batch pixels: 52,781,023
  Batch min: 0.12
  Batch max: 197.75
  Sampling 7,949 pixels from batch...
  Sample size after final filter: 7,949

============================================================
Batch 68/1439: Processing 500 files...
  Concatenating batch arrays...
  Filtering NaN/Inf...
  Valid batch pixels: 23,418,780
  Batch min: 0.12
  Batch max: 105.88
  Sampling 7,949 pixels from batch...
  Sample size after final filter: 7,949

============================================================
Batch 69/1439: Processing 500 files...
  Concatenating batch arrays...
  Filtering NaN/Inf...
  Valid batch pixels: 1,892,972
  Batch min: 0.12
  Batch max: 158.75
  Sampling 7,949 pixels from batch...
  Sample size after final filter: 7,949

============================================================
Batch 70/1439: Processing 500 files...
  Concatenating batch arrays...
  Filtering NaN/Inf...
  Valid batch pixels: 28,797,673
  Batch min: 0.12
  Batch max: 407.00
  Sampling 7,949 pixels from batch...
  Sample size after final filter: 7,949

============================================================
Batch 71/1439: Processing 500 files...
  Concatenating batch arrays...
  Filtering NaN/Inf...
  Valid batch pixels: 10,125,809
  Batch min: 0.12
  Batch max: 65.31
  Sampling 7,949 pixels from batch...
  Sample size after final filter: 7,949

============================================================
Batch 72/1439: Processing 500 files...
  Concatenating batch arrays...
  Filtering NaN/Inf...
  Valid batch pixels: 56,375
  Batch min: 0.12
  Batch max: 3.84
  Sampling 7,949 pixels from batch...
  Sample size after final filter: 7,949

============================================================
Batch 73/1439: Processing 500 files...
  Concatenating batch arrays...
  Filtering NaN/Inf...
  Valid batch pixels: 3,091,850
  Batch min: 0.12
  Batch max: 362.50
  Sampling 7,949 pixels from batch...
  Sample size after final filter: 7,949

============================================================
Batch 74/1439: Processing 500 files...
  Concatenating batch arrays...
  Filtering NaN/Inf...
  Valid batch pixels: 3,168,103
  Batch min: 0.12
  Batch max: 462.50
  Sampling 7,949 pixels from batch...
  Sample size after final filter: 7,949

============================================================
Batch 75/1439: Processing 500 files...
  Concatenating batch arrays...
  Filtering NaN/Inf...
  Valid batch pixels: 13,849,374
  Batch min: 0.12
  Batch max: 404.00
  Sampling 7,949 pixels from batch...
  Sample size after final filter: 7,949

============================================================
Batch 76/1439: Processing 500 files...
  Concatenating batch arrays...
  Filtering NaN/Inf...
  Valid batch pixels: 18,021,386
  Batch min: 0.12
  Batch max: 321.50
  Sampling 7,949 pixels from batch...
  Sample size after final filter: 7,949

============================================================
Batch 77/1439: Processing 500 files...
  Concatenating batch arrays...
  Filtering NaN/Inf...
  Valid batch pixels: 9,492,508
  Batch min: 0.12
  Batch max: 108.00
  Sampling 7,949 pixels from batch...
  Sample size after final filter: 7,949

============================================================
Batch 78/1439: Processing 500 files...
  Concatenating batch arrays...
  Filtering NaN/Inf...
  Valid batch pixels: 779,686
  Batch min: 0.12
  Batch max: 228.00
  Sampling 7,949 pixels from batch...
  Sample size after final filter: 7,949

============================================================
Batch 79/1439: Processing 500 files...
  Concatenating batch arrays...
  Filtering NaN/Inf...
  Valid batch pixels: 36,888,496
  Batch min: 0.12
  Batch max: 131.75
  Sampling 7,949 pixels from batch...
  Sample size after final filter: 7,949

============================================================
Batch 80/1439: Processing 500 files...
  Concatenating batch arrays...
  Filtering NaN/Inf...
  Valid batch pixels: 9,744,512
  Batch min: 0.12
  Batch max: 144.12
  Sampling 7,949 pixels from batch...
  Sample size after final filter: 7,949

============================================================
Batch 81/1439: Processing 500 files...
  Concatenating batch arrays...
  Filtering NaN/Inf...
  Valid batch pixels: 5,897,442
  Batch min: 0.12
  Batch max: 284.50
  Sampling 7,949 pixels from batch...
  Sample size after final filter: 7,949

============================================================
Batch 82/1439: Processing 500 files...
  Concatenating batch arrays...
  Filtering NaN/Inf...
  Valid batch pixels: 11,535,977
  Batch min: 0.12
  Batch max: 332.50
  Sampling 7,949 pixels from batch...
  Sample size after final filter: 7,949

============================================================
Batch 83/1439: Processing 500 files...
  Concatenating batch arrays...
  Filtering NaN/Inf...
  Valid batch pixels: 19,937,867
  Batch min: 0.12
  Batch max: 308.00
  Sampling 7,949 pixels from batch...
  Sample size after final filter: 7,949

============================================================
Batch 84/1439: Processing 500 files...
  Concatenating batch arrays...
  Filtering NaN/Inf...
  Valid batch pixels: 4,864,861
  Batch min: 0.12
  Batch max: 376.00
  Sampling 7,949 pixels from batch...
  Sample size after final filter: 7,949

============================================================
Batch 85/1439: Processing 500 files...
  Concatenating batch arrays...
  Filtering NaN/Inf...
  Valid batch pixels: 8,490,841
  Batch min: 0.12
  Batch max: 319.25
  Sampling 7,949 pixels from batch...
  Sample size after final filter: 7,949

============================================================
Batch 86/1439: Processing 500 files...
  Concatenating batch arrays...
  Filtering NaN/Inf...
  Valid batch pixels: 29,782,385
  Batch min: 0.12
  Batch max: 441.50
  Sampling 7,949 pixels from batch...
  Sample size after final filter: 7,949

============================================================
Batch 87/1439: Processing 500 files...
  Concatenating batch arrays...
  Filtering NaN/Inf...
  Valid batch pixels: 35,667,367
  Batch min: 0.12
  Batch max: 411.75
  Sampling 7,949 pixels from batch...
  Sample size after final filter: 7,949

============================================================
Batch 88/1439: Processing 500 files...
  Concatenating batch arrays...
  Filtering NaN/Inf...
  Valid batch pixels: 26,713,278
  Batch min: 0.12
  Batch max: 177.75
  Sampling 7,949 pixels from batch...
  Sample size after final filter: 7,949

============================================================
Batch 89/1439: Processing 500 files...
  Concatenating batch arrays...
  Filtering NaN/Inf...
  Valid batch pixels: 8,642,167
  Batch min: 0.12
  Batch max: 137.50
  Sampling 7,949 pixels from batch...
  Sample size after final filter: 7,949

============================================================
Batch 90/1439: Processing 500 files...
  Concatenating batch arrays...
  Filtering NaN/Inf...
  Valid batch pixels: 10,046,091
  Batch min: 0.12
  Batch max: 45.62
  Sampling 7,949 pixels from batch...
  Sample size after final filter: 7,949

============================================================
Batch 91/1439: Processing 500 files...
  Concatenating batch arrays...
  Filtering NaN/Inf...
  Valid batch pixels: 1,286,996
  Batch min: 0.12
  Batch max: 25.08
  Sampling 7,949 pixels from batch...
  Sample size after final filter: 7,949

============================================================
Batch 92/1439: Processing 500 files...
  Concatenating batch arrays...
  Filtering NaN/Inf...
  Valid batch pixels: 14,040,773
  Batch min: 0.12
  Batch max: 275.75
  Sampling 7,949 pixels from batch...
  Sample size after final filter: 7,949

============================================================
Batch 93/1439: Processing 500 files...
  Concatenating batch arrays...
  Filtering NaN/Inf...
  Valid batch pixels: 2,437,152
  Batch min: 0.12
  Batch max: 165.00
  Sampling 7,949 pixels from batch...
  Sample size after final filter: 7,949

============================================================
Batch 94/1439: Processing 500 files...
  Concatenating batch arrays...
  Filtering NaN/Inf...
  Valid batch pixels: 7,785,869
  Batch min: 0.12
  Batch max: 302.50
  Sampling 7,949 pixels from batch...
  Sample size after final filter: 7,949

============================================================
Batch 95/1439: Processing 500 files...
  Concatenating batch arrays...
  Filtering NaN/Inf...
  Valid batch pixels: 12,839,394
  Batch min: 0.12
  Batch max: 335.00
  Sampling 7,949 pixels from batch...
  Sample size after final filter: 7,949

============================================================
Batch 96/1439: Processing 500 files...
  Concatenating batch arrays...
  Filtering NaN/Inf...
  Valid batch pixels: 4,811,204
  Batch min: 0.12
  Batch max: 223.50
  Sampling 7,949 pixels from batch...
  Sample size after final filter: 7,949

============================================================
Batch 97/1439: Processing 500 files...
  Concatenating batch arrays...
  Filtering NaN/Inf...
  Valid batch pixels: 5,855,009
  Batch min: 0.12
  Batch max: 210.25
  Sampling 7,949 pixels from batch...
  Sample size after final filter: 7,949

============================================================
Batch 98/1439: Processing 500 files...
  Concatenating batch arrays...
  Filtering NaN/Inf...
  Valid batch pixels: 31,442,032
  Batch min: 0.12
  Batch max: 429.00
  Sampling 7,949 pixels from batch...
  Sample size after final filter: 7,949

============================================================
Batch 99/1439: Processing 500 files...
  Concatenating batch arrays...
  Filtering NaN/Inf...
  Valid batch pixels: 64,670,519
  Batch min: 0.12
  Batch max: 305.50
  Sampling 7,949 pixels from batch...
  Sample size after final filter: 7,949

============================================================
Batch 100/1439: Processing 500 files...
  Concatenating batch arrays...
  Filtering NaN/Inf...
  Valid batch pixels: 37,076,160
  Batch min: 0.12
  Batch max: 45.00
  Sampling 7,949 pixels from batch...
  Sample size after final filter: 7,949

============================================================
Batch 101/1439: Processing 500 files...
  Concatenating batch arrays...
  Filtering NaN/Inf...
  Valid batch pixels: 4,906,050
  Batch min: 0.12
  Batch max: 132.12
  Sampling 7,949 pixels from batch...
  Sample size after final filter: 7,949

============================================================
Batch 102/1439: Processing 500 files...
  Concatenating batch arrays...
  Filtering NaN/Inf...
  Valid batch pixels: 162,585
  Batch min: 0.12
  Batch max: 43.31
  Sampling 7,949 pixels from batch...
  Sample size after final filter: 7,949

============================================================
Batch 103/1439: Processing 500 files...
  Concatenating batch arrays...
  Filtering NaN/Inf...
  Valid batch pixels: 34,041,711
  Batch min: 0.12
  Batch max: 275.50
  Sampling 7,949 pixels from batch...
  Sample size after final filter: 7,949

============================================================
Batch 104/1439: Processing 500 files...
  Concatenating batch arrays...
  Filtering NaN/Inf...
  Valid batch pixels: 15,475,104
  Batch min: 0.12
  Batch max: 164.50
  Sampling 7,949 pixels from batch...
  Sample size after final filter: 7,949

============================================================
Batch 105/1439: Processing 500 files...
  Concatenating batch arrays...
  Filtering NaN/Inf...
  Valid batch pixels: 47,606,378
  Batch min: 0.12
  Batch max: 284.50
  Sampling 7,949 pixels from batch...
  Sample size after final filter: 7,949

============================================================
Batch 106/1439: Processing 500 files...
  Concatenating batch arrays...
  Filtering NaN/Inf...
  Valid batch pixels: 1,267,864
  Batch min: 0.12
  Batch max: 252.25
  Sampling 7,949 pixels from batch...
  Sample size after final filter: 7,949

============================================================
Batch 107/1439: Processing 500 files...
  Concatenating batch arrays...
  Filtering NaN/Inf...
  Valid batch pixels: 8,275,871
  Batch min: 0.12
  Batch max: 485.00
  Sampling 7,949 pixels from batch...
  Sample size after final filter: 7,949

============================================================
Batch 108/1439: Processing 500 files...
  Concatenating batch arrays...
  Filtering NaN/Inf...
  Valid batch pixels: 25,937,977
  Batch min: 0.12
  Batch max: 278.25
  Sampling 7,949 pixels from batch...
  Sample size after final filter: 7,949

============================================================
Batch 109/1439: Processing 500 files...
  Concatenating batch arrays...
  Filtering NaN/Inf...
  Valid batch pixels: 19,947,557
  Batch min: 0.12
  Batch max: 155.50
  Sampling 7,949 pixels from batch...
  Sample size after final filter: 7,949

============================================================
Batch 110/1439: Processing 500 files...
  Concatenating batch arrays...
  Filtering NaN/Inf...
  Valid batch pixels: 4,356,976
  Batch min: 0.12
  Batch max: 72.38
  Sampling 7,949 pixels from batch...
  Sample size after final filter: 7,949

============================================================
Batch 111/1439: Processing 500 files...
  Concatenating batch arrays...
  Filtering NaN/Inf...
  Valid batch pixels: 8,549,431
  Batch min: 0.12
  Batch max: 128.50
  Sampling 7,949 pixels from batch...
  Sample size after final filter: 7,949

============================================================
Batch 112/1439: Processing 500 files...
  Concatenating batch arrays...
  Filtering NaN/Inf...
  Valid batch pixels: 24,029,920
  Batch min: 0.12
  Batch max: 121.69
  Sampling 7,949 pixels from batch...
  Sample size after final filter: 7,949

============================================================
Batch 113/1439: Processing 500 files...
  Concatenating batch arrays...
  Filtering NaN/Inf...
  Valid batch pixels: 39,391,753
  Batch min: 0.12
  Batch max: 223.50
  Sampling 7,949 pixels from batch...
  Sample size after final filter: 7,949

============================================================
Batch 114/1439: Processing 500 files...
  Concatenating batch arrays...
  Filtering NaN/Inf...
  Valid batch pixels: 44,722,279
  Batch min: 0.12
  Batch max: 140.00
  Sampling 7,949 pixels from batch...
  Sample size after final filter: 7,949

============================================================
Batch 115/1439: Processing 500 files...
  Concatenating batch arrays...
  Filtering NaN/Inf...
  Valid batch pixels: 12,480,706
  Batch min: 0.12
  Batch max: 175.25
  Sampling 7,949 pixels from batch...
  Sample size after final filter: 7,949

============================================================
Batch 116/1439: Processing 500 files...
  Concatenating batch arrays...
  Filtering NaN/Inf...
  Valid batch pixels: 17,730,347
  Batch min: 0.12
  Batch max: 111.94
  Sampling 7,949 pixels from batch...
  Sample size after final filter: 7,949

============================================================
Batch 117/1439: Processing 500 files...
  Concatenating batch arrays...
  Filtering NaN/Inf...
  Valid batch pixels: 19,309,609
  Batch min: 0.12
  Batch max: 88.69
  Sampling 7,949 pixels from batch...
  Sample size after final filter: 7,949

============================================================
Batch 118/1439: Processing 500 files...
  Concatenating batch arrays...
  Filtering NaN/Inf...
  Valid batch pixels: 216,168
  Batch min: 0.12
  Batch max: 28.44
  Sampling 7,949 pixels from batch...
  Sample size after final filter: 7,949

============================================================
Batch 119/1439: Processing 500 files...
  Concatenating batch arrays...
  Filtering NaN/Inf...
  Valid batch pixels: 24,072
  Batch min: 0.12
  Batch max: 9.12
  Sampling 7,949 pixels from batch...
  Sample size after final filter: 7,949

============================================================
Batch 120/1439: Processing 500 files...
  Concatenating batch arrays...
  Filtering NaN/Inf...
  Valid batch pixels: 6,717,307
  Batch min: 0.12
  Batch max: 55.31
  Sampling 7,949 pixels from batch...
  Sample size after final filter: 7,949

============================================================
Batch 121/1439: Processing 500 files...
  Concatenating batch arrays...
  Filtering NaN/Inf...
  Valid batch pixels: 34,942,547
  Batch min: 0.12
  Batch max: 133.38
  Sampling 7,949 pixels from batch...
  Sample size after final filter: 7,949

============================================================
Batch 122/1439: Processing 500 files...
  Concatenating batch arrays...
  Filtering NaN/Inf...
  Valid batch pixels: 19,816,419
  Batch min: 0.12
  Batch max: 187.12
  Sampling 7,949 pixels from batch...
  Sample size after final filter: 7,949

============================================================
Batch 123/1439: Processing 500 files...
  Concatenating batch arrays...
  Filtering NaN/Inf...
  Valid batch pixels: 1,595,266
  Batch min: 0.12
  Batch max: 21.12
  Sampling 7,949 pixels from batch...
  Sample size after final filter: 7,949

============================================================
Batch 124/1439: Processing 500 files...
  Concatenating batch arrays...
  Filtering NaN/Inf...
  Valid batch pixels: 21,078,514
  Batch min: 0.12
  Batch max: 56.62
  Sampling 7,949 pixels from batch...
  Sample size after final filter: 7,949

============================================================
Batch 125/1439: Processing 500 files...
  Concatenating batch arrays...
  Filtering NaN/Inf...
  Valid batch pixels: 64,570,880
  Batch min: 0.12
  Batch max: 79.56
  Sampling 7,949 pixels from batch...
  Sample size after final filter: 7,949

============================================================
Batch 126/1439: Processing 500 files...
  Concatenating batch arrays...
  Filtering NaN/Inf...
  Valid batch pixels: 37,293,937
  Batch min: 0.12
  Batch max: 38.53
  Sampling 7,949 pixels from batch...
  Sample size after final filter: 7,949

============================================================
Batch 127/1439: Processing 500 files...
  Concatenating batch arrays...
  Filtering NaN/Inf...
  Valid batch pixels: 12,904,351
  Batch min: 0.12
  Batch max: 33.84
  Sampling 7,949 pixels from batch...
  Sample size after final filter: 7,949

============================================================
Batch 128/1439: Processing 500 files...
  Concatenating batch arrays...
  Filtering NaN/Inf...
  Valid batch pixels: 2,993,630
  Batch min: 0.12
  Batch max: 65.88
  Sampling 7,949 pixels from batch...
  Sample size after final filter: 7,949

============================================================
Batch 129/1439: Processing 500 files...
  Concatenating batch arrays...
  Filtering NaN/Inf...
  Valid batch pixels: 1,688,837
  Batch min: 0.12
  Batch max: 23.64
  Sampling 7,949 pixels from batch...
  Sample size after final filter: 7,949

============================================================
Batch 130/1439: Processing 500 files...
  Concatenating batch arrays...
  Filtering NaN/Inf...
  Valid batch pixels: 825,564
  Batch min: 0.12
  Batch max: 28.31
  Sampling 7,949 pixels from batch...
  Sample size after final filter: 7,949

============================================================
Batch 131/1439: Processing 500 files...
  Concatenating batch arrays...
  Filtering NaN/Inf...
  Valid batch pixels: 4,743,717
  Batch min: 0.12
  Batch max: 25.08
  Sampling 7,949 pixels from batch...
  Sample size after final filter: 7,949

============================================================
Batch 132/1439: Processing 500 files...
  Concatenating batch arrays...
  Filtering NaN/Inf...
  Valid batch pixels: 405,071
  Batch min: 0.12
  Batch max: 23.64
  Sampling 7,949 pixels from batch...
  Sample size after final filter: 7,949

============================================================
Batch 133/1439: Processing 500 files...
  Concatenating batch arrays...
  Filtering NaN/Inf...
  Valid batch pixels: 16,796,547
  Batch min: 0.12
  Batch max: 37.69
  Sampling 7,949 pixels from batch...
  Sample size after final filter: 7,949

============================================================
Batch 134/1439: Processing 500 files...
  Concatenating batch arrays...
  Filtering NaN/Inf...
  Valid batch pixels: 15,000,711
  Batch min: 0.12
  Batch max: 125.75
  Sampling 7,949 pixels from batch...
  Sample size after final filter: 7,949

============================================================
Batch 135/1439: Processing 500 files...
  Concatenating batch arrays...
  Filtering NaN/Inf...
  Valid batch pixels: 8,451,128
  Batch min: 0.12
  Batch max: 65.50
  Sampling 7,949 pixels from batch...
  Sample size after final filter: 7,949

============================================================
Batch 136/1439: Processing 500 files...
  Concatenating batch arrays...
  Filtering NaN/Inf...
  Valid batch pixels: 466,120
  Batch min: 0.12
  Batch max: 32.75
  Sampling 7,949 pixels from batch...
  Sample size after final filter: 7,949

============================================================
Batch 137/1439: Processing 500 files...
  Concatenating batch arrays...
  Filtering NaN/Inf...
  Valid batch pixels: 21,895,760
  Batch min: 0.12
  Batch max: 101.62
  Sampling 7,949 pixels from batch...
  Sample size after final filter: 7,949

============================================================
Batch 138/1439: Processing 500 files...
  Concatenating batch arrays...
  Filtering NaN/Inf...
  Valid batch pixels: 68,503,099
  Batch min: 0.12
  Batch max: 67.25
  Sampling 7,949 pixels from batch...
  Sample size after final filter: 7,949

============================================================
Batch 139/1439: Processing 500 files...
  Concatenating batch arrays...
  Filtering NaN/Inf...
  Valid batch pixels: 20,619,089
  Batch min: 0.12
  Batch max: 94.44
  Sampling 7,949 pixels from batch...
  Sample size after final filter: 7,949

============================================================
Batch 140/1439: Processing 500 files...
  Concatenating batch arrays...
  Filtering NaN/Inf...
  Valid batch pixels: 64,657,787
  Batch min: 0.12
  Batch max: 299.00
  Sampling 7,949 pixels from batch...
  Sample size after final filter: 7,949

============================================================
Batch 141/1439: Processing 500 files...
  Concatenating batch arrays...
  Filtering NaN/Inf...
  Valid batch pixels: 25,188,997
  Batch min: 0.12
  Batch max: 75.00
  Sampling 7,949 pixels from batch...
  Sample size after final filter: 7,949

============================================================
Batch 142/1439: Processing 500 files...
  Concatenating batch arrays...
  Filtering NaN/Inf...
  Valid batch pixels: 16,372,912
  Batch min: 0.12
  Batch max: 43.31
  Sampling 7,949 pixels from batch...
  Sample size after final filter: 7,949

============================================================
Batch 143/1439: Processing 500 files...
  Concatenating batch arrays...
  Filtering NaN/Inf...
  Valid batch pixels: 55,463,946
  Batch min: 0.12
  Batch max: 99.25
  Sampling 7,949 pixels from batch...
  Sample size after final filter: 7,949

============================================================
Batch 144/1439: Processing 500 files...
  Concatenating batch arrays...
  Filtering NaN/Inf...
  Valid batch pixels: 7,848,644
  Batch min: 0.12
  Batch max: 93.62
  Sampling 7,949 pixels from batch...
  Sample size after final filter: 7,949

============================================================
Batch 145/1439: Processing 500 files...
  Concatenating batch arrays...
  Filtering NaN/Inf...
  Valid batch pixels: 14,360,623
  Batch min: 0.12
  Batch max: 17.64
  Sampling 7,949 pixels from batch...
  Sample size after final filter: 7,949

============================================================
Batch 146/1439: Processing 500 files...
  Concatenating batch arrays...
  Filtering NaN/Inf...
  Valid batch pixels: 1,472,996
  Batch min: 0.12
  Batch max: 64.75
  Sampling 7,949 pixels from batch...
  Sample size after final filter: 7,949

============================================================
Batch 147/1439: Processing 500 files...
  Concatenating batch arrays...
  Filtering NaN/Inf...
  Valid batch pixels: 1,615,433
  Batch min: 0.12
  Batch max: 49.22
  Sampling 7,949 pixels from batch...
  Sample size after final filter: 7,949

============================================================
Batch 148/1439: Processing 500 files...
  Concatenating batch arrays...
  Filtering NaN/Inf...
  Valid batch pixels: 20,036,738
  Batch min: 0.12
  Batch max: 42.12
  Sampling 7,949 pixels from batch...
  Sample size after final filter: 7,949

============================================================
Batch 149/1439: Processing 500 files...
  Concatenating batch arrays...
  Filtering NaN/Inf...
  Valid batch pixels: 30,161,038
  Batch min: 0.12
  Batch max: 116.50
  Sampling 7,949 pixels from batch...
  Sample size after final filter: 7,949

============================================================
Batch 150/1439: Processing 500 files...
  Concatenating batch arrays...
  Filtering NaN/Inf...
  Valid batch pixels: 25,677,934
  Batch min: 0.12
  Batch max: 42.84
  Sampling 7,949 pixels from batch...
  Sample size after final filter: 7,949

============================================================
Batch 151/1439: Processing 500 files...
  Concatenating batch arrays...
  Filtering NaN/Inf...
  Valid batch pixels: 4,083,728
  Batch min: 0.12
  Batch max: 17.64
  Sampling 7,949 pixels from batch...
  Sample size after final filter: 7,949

============================================================
Batch 152/1439: Processing 500 files...
  Concatenating batch arrays...
  Filtering NaN/Inf...
  Valid batch pixels: 24,013,943
  Batch min: 0.12
  Batch max: 67.25
  Sampling 7,949 pixels from batch...
  Sample size after final filter: 7,949

============================================================
Batch 153/1439: Processing 500 files...
  Concatenating batch arrays...
  Filtering NaN/Inf...
  Valid batch pixels: 12,425,013
  Batch min: 0.12
  Batch max: 54.12
  Sampling 7,949 pixels from batch...
  Sample size after final filter: 7,949

============================================================
Batch 154/1439: Processing 500 files...
  Concatenating batch arrays...
  Filtering NaN/Inf...
  Valid batch pixels: 397,207
  Batch min: 0.12
  Batch max: 20.41
  Sampling 7,949 pixels from batch...
  Sample size after final filter: 7,949

============================================================
Batch 155/1439: Processing 500 files...
  Concatenating batch arrays...
  Filtering NaN/Inf...
  Valid batch pixels: 34,623,639
  Batch min: 0.12
  Batch max: 54.25
  Sampling 7,949 pixels from batch...
  Sample size after final filter: 7,949

============================================================
Batch 156/1439: Processing 500 files...
  Concatenating batch arrays...
  Filtering NaN/Inf...
  Valid batch pixels: 3,025,014
  Batch min: 0.12
  Batch max: 35.28
  Sampling 7,949 pixels from batch...
  Sample size after final filter: 7,949

============================================================
Batch 157/1439: Processing 500 files...
  Concatenating batch arrays...
  Filtering NaN/Inf...
  Valid batch pixels: 11,299,434
  Batch min: 0.12
  Batch max: 56.53
  Sampling 7,949 pixels from batch...
  Sample size after final filter: 7,949

============================================================
Batch 158/1439: Processing 500 files...
  Concatenating batch arrays...
  Filtering NaN/Inf...
  Valid batch pixels: 7,408,402
  Batch min: 0.12
  Batch max: 52.78
  Sampling 7,949 pixels from batch...
  Sample size after final filter: 7,949

============================================================
Batch 159/1439: Processing 500 files...
  Concatenating batch arrays...
  Filtering NaN/Inf...
  Valid batch pixels: 94,967
  Batch min: 0.12
  Batch max: 22.81
  Sampling 7,949 pixels from batch...
  Sample size after final filter: 7,949

============================================================
Batch 160/1439: Processing 500 files...
  Concatenating batch arrays...
  Filtering NaN/Inf...
  Valid batch pixels: 1,280,720
  Batch min: 0.12
  Batch max: 30.12
  Sampling 7,949 pixels from batch...
  Sample size after final filter: 7,949

============================================================
Batch 161/1439: Processing 500 files...
  Concatenating batch arrays...
  Filtering NaN/Inf...
  Valid batch pixels: 19,362,674
  Batch min: 0.12
  Batch max: 57.12
  Sampling 7,949 pixels from batch...
  Sample size after final filter: 7,949

============================================================
Batch 162/1439: Processing 500 files...
  Concatenating batch arrays...
  Filtering NaN/Inf...
  Valid batch pixels: 35,345,774
  Batch min: 0.12
  Batch max: 56.75
  Sampling 7,949 pixels from batch...
  Sample size after final filter: 7,949

============================================================
Batch 163/1439: Processing 500 files...
  Concatenating batch arrays...
  Filtering NaN/Inf...
  Valid batch pixels: 43,385,626
  Batch min: 0.12
  Batch max: 51.69
  Sampling 7,949 pixels from batch...
  Sample size after final filter: 7,949

============================================================
Batch 164/1439: Processing 500 files...
  Concatenating batch arrays...
  Filtering NaN/Inf...
  Valid batch pixels: 17,343,399
  Batch min: 0.12
  Batch max: 33.62
  Sampling 7,949 pixels from batch...
  Sample size after final filter: 7,949

============================================================
Batch 165/1439: Processing 500 files...
  Concatenating batch arrays...
  Filtering NaN/Inf...
  Valid batch pixels: 39,906,629
  Batch min: 0.12
  Batch max: 55.44
  Sampling 7,949 pixels from batch...
  Sample size after final filter: 7,949

============================================================
Batch 166/1439: Processing 500 files...
  Concatenating batch arrays...
  Filtering NaN/Inf...
  Valid batch pixels: 30,186,137
  Batch min: 0.12
  Batch max: 40.06
  Sampling 7,949 pixels from batch...
  Sample size after final filter: 7,949

============================================================
Batch 167/1439: Processing 500 files...
  Concatenating batch arrays...
  Filtering NaN/Inf...
  Valid batch pixels: 61,683,762
  Batch min: 0.12
  Batch max: 79.56
  Sampling 7,949 pixels from batch...
  Sample size after final filter: 7,949

============================================================
Batch 168/1439: Processing 500 files...
  Concatenating batch arrays...
  Filtering NaN/Inf...
  Valid batch pixels: 51,013,009
  Batch min: 0.12
  Batch max: 114.75
  Sampling 7,949 pixels from batch...
  Sample size after final filter: 7,949

============================================================
Batch 169/1439: Processing 500 files...
  Concatenating batch arrays...
  Filtering NaN/Inf...
  Valid batch pixels: 12,001,567
  Batch min: 0.12
  Batch max: 54.12
  Sampling 7,949 pixels from batch...
  Sample size after final filter: 7,949

============================================================
Batch 170/1439: Processing 500 files...
  Concatenating batch arrays...
  Filtering NaN/Inf...
  Valid batch pixels: 37,633,325
  Batch min: 0.12
  Batch max: 56.16
  Sampling 7,949 pixels from batch...
  Sample size after final filter: 7,949

============================================================
Batch 171/1439: Processing 500 files...
  Concatenating batch arrays...
  Filtering NaN/Inf...
  Valid batch pixels: 20,503,676
  Batch min: 0.12
  Batch max: 55.22
  Sampling 7,949 pixels from batch...
  Sample size after final filter: 7,949

============================================================
Batch 172/1439: Processing 500 files...
  Concatenating batch arrays...
  Filtering NaN/Inf...
  Valid batch pixels: 6,914,575
  Batch min: 0.12
  Batch max: 19.19
  Sampling 7,949 pixels from batch...
  Sample size after final filter: 7,949

============================================================
Batch 173/1439: Processing 500 files...
  Concatenating batch arrays...
  Filtering NaN/Inf...
  Valid batch pixels: 4,611,881
  Batch min: 0.12
  Batch max: 21.59
  Sampling 7,949 pixels from batch...
  Sample size after final filter: 7,949

============================================================
Batch 174/1439: Processing 500 files...
  Concatenating batch arrays...
  Filtering NaN/Inf...
  Valid batch pixels: 75,053,531
  Batch min: 0.12
  Batch max: 68.38
  Sampling 7,949 pixels from batch...
  Sample size after final filter: 7,949

============================================================
Batch 175/1439: Processing 500 files...
  Concatenating batch arrays...
  Filtering NaN/Inf...
  Valid batch pixels: 63,794,118
  Batch min: 0.12
  Batch max: 68.38
  Sampling 7,949 pixels from batch...
  Sample size after final filter: 7,949

============================================================
Batch 176/1439: Processing 500 files...
  Concatenating batch arrays...
  Filtering NaN/Inf...
  Valid batch pixels: 26,807,499
  Batch min: 0.12
  Batch max: 49.22
  Sampling 7,949 pixels from batch...
  Sample size after final filter: 7,949

============================================================
Batch 177/1439: Processing 500 files...
  Concatenating batch arrays...
  Filtering NaN/Inf...
  Valid batch pixels: 12,031,885
  Batch min: 0.12
  Batch max: 41.38
  Sampling 7,949 pixels from batch...
  Sample size after final filter: 7,949

============================================================
Batch 178/1439: Processing 500 files...
  Concatenating batch arrays...
  Filtering NaN/Inf...
  Valid batch pixels: 376,438
  Batch min: 0.12
  Batch max: 8.64
  Sampling 7,949 pixels from batch...
  Sample size after final filter: 7,949

============================================================
Batch 179/1439: Processing 500 files...
  Concatenating batch arrays...
  Filtering NaN/Inf...
  Valid batch pixels: 29,983,185
  Batch min: 0.12
  Batch max: 40.81
  Sampling 7,949 pixels from batch...
  Sample size after final filter: 7,949

============================================================
Batch 180/1439: Processing 500 files...
  Concatenating batch arrays...
  Filtering NaN/Inf...
  Valid batch pixels: 23,588,970
  Batch min: 0.12
  Batch max: 41.38
  Sampling 7,949 pixels from batch...
  Sample size after final filter: 7,949

============================================================
Batch 181/1439: Processing 500 files...
  Concatenating batch arrays...
  Filtering NaN/Inf...
  Valid batch pixels: 41,842,159
  Batch min: 0.12
  Batch max: 44.38
  Sampling 7,949 pixels from batch...
  Sample size after final filter: 7,949

============================================================
Batch 182/1439: Processing 500 files...
  Concatenating batch arrays...
  Filtering NaN/Inf...
  Valid batch pixels: 25,055,184
  Batch min: 0.12
  Batch max: 106.25
  Sampling 7,949 pixels from batch...
  Sample size after final filter: 7,949

============================================================
Batch 183/1439: Processing 500 files...
  Concatenating batch arrays...
  Filtering NaN/Inf...
  Valid batch pixels: 5,484,200
  Batch min: 0.12
  Batch max: 31.44
  Sampling 7,949 pixels from batch...
  Sample size after final filter: 7,949

============================================================
Batch 184/1439: Processing 500 files...
  Concatenating batch arrays...
  Filtering NaN/Inf...
  Valid batch pixels: 571,368
  Batch min: 0.12
  Batch max: 14.64
  Sampling 7,949 pixels from batch...
  Sample size after final filter: 7,949

============================================================
Batch 185/1439: Processing 500 files...
  Concatenating batch arrays...
  Filtering NaN/Inf...
  Valid batch pixels: 830,149
  Batch min: 0.12
  Batch max: 5.52
  Sampling 7,949 pixels from batch...
  Sample size after final filter: 7,949

============================================================
Batch 186/1439: Processing 500 files...
  Concatenating batch arrays...
  Filtering NaN/Inf...
  Valid batch pixels: 359,907
  Batch min: 0.12
  Batch max: 11.64
  Sampling 7,949 pixels from batch...
  Sample size after final filter: 7,949

============================================================
Batch 187/1439: Processing 500 files...
  Concatenating batch arrays...
  Filtering NaN/Inf...
  Valid batch pixels: 14,803,522
  Batch min: 0.12
  Batch max: 15.48
  Sampling 7,949 pixels from batch...
  Sample size after final filter: 7,949

============================================================
Batch 188/1439: Processing 500 files...
  Concatenating batch arrays...
  Filtering NaN/Inf...
  Valid batch pixels: 133,193
  Batch min: 0.12
  Batch max: 3.60
  Sampling 7,949 pixels from batch...
  Sample size after final filter: 7,949

============================================================
Batch 189/1439: Processing 500 files...
  Concatenating batch arrays...
  Filtering NaN/Inf...
  Valid batch pixels: 165,000
  Batch min: 0.12
  Batch max: 10.92
  Sampling 7,949 pixels from batch...
  Sample size after final filter: 7,949

============================================================
Batch 190/1439: Processing 500 files...
  Concatenating batch arrays...
  Filtering NaN/Inf...
  Valid batch pixels: 2,793,039
  Batch min: 0.12
  Batch max: 44.88
  Sampling 7,949 pixels from batch...
  Sample size after final filter: 7,949

============================================================
Batch 191/1439: Processing 500 files...
  Concatenating batch arrays...
  Filtering NaN/Inf...
  Valid batch pixels: 7,659,488
  Batch min: 0.12
  Batch max: 34.56
  Sampling 7,949 pixels from batch...
  Sample size after final filter: 7,949

============================================================
Batch 192/1439: Processing 500 files...
  Concatenating batch arrays...
  Filtering NaN/Inf...
  Valid batch pixels: 13,085,974
  Batch min: 0.12
  Batch max: 44.53
  Sampling 7,949 pixels from batch...
  Sample size after final filter: 7,949

============================================================
Batch 193/1439: Processing 500 files...
  Concatenating batch arrays...
  Filtering NaN/Inf...
  Valid batch pixels: 40,794,070
  Batch min: 0.12
  Batch max: 49.22
  Sampling 7,949 pixels from batch...
  Sample size after final filter: 7,949

============================================================
Batch 194/1439: Processing 500 files...
  Concatenating batch arrays...
  Filtering NaN/Inf...
  Valid batch pixels: 23,936,017
  Batch min: 0.12
  Batch max: 155.12
  Sampling 7,949 pixels from batch...
  Sample size after final filter: 7,949

============================================================
Batch 195/1439: Processing 500 files...
  Concatenating batch arrays...
  Filtering NaN/Inf...
  Valid batch pixels: 33,334,199
  Batch min: 0.12
  Batch max: 107.44
  Sampling 7,949 pixels from batch...
  Sample size after final filter: 7,949

============================================================
Batch 196/1439: Processing 500 files...
  Concatenating batch arrays...
  Filtering NaN/Inf...
  Valid batch pixels: 33,561,429
  Batch min: 0.12
  Batch max: 126.94
  Sampling 7,949 pixels from batch...
  Sample size after final filter: 7,949

============================================================
Batch 197/1439: Processing 500 files...
  Concatenating batch arrays...
  Filtering NaN/Inf...
  Valid batch pixels: 2,588,329
  Batch min: 0.12
  Batch max: 20.41
  Sampling 7,949 pixels from batch...
  Sample size after final filter: 7,949

============================================================
Batch 198/1439: Processing 500 files...
  Concatenating batch arrays...
  Filtering NaN/Inf...
  Valid batch pixels: 14,517,390
  Batch min: 0.12
  Batch max: 160.75
  Sampling 7,949 pixels from batch...
  Sample size after final filter: 7,949

============================================================
Batch 199/1439: Processing 500 files...
  Concatenating batch arrays...
  Filtering NaN/Inf...
  Valid batch pixels: 39,147,103
  Batch min: 0.12
  Batch max: 115.25
  Sampling 7,949 pixels from batch...
  Sample size after final filter: 7,949

============================================================
Batch 200/1439: Processing 500 files...
  Concatenating batch arrays...
  Filtering NaN/Inf...
  Valid batch pixels: 15,065,776
  Batch min: 0.12
  Batch max: 63.84
  Sampling 7,949 pixels from batch...
  Sample size after final filter: 7,949

============================================================
Batch 201/1439: Processing 500 files...
  Concatenating batch arrays...
  Filtering NaN/Inf...
  Valid batch pixels: 10,598,228
  Batch min: 0.12
  Batch max: 32.38
  Sampling 7,949 pixels from batch...
  Sample size after final filter: 7,949

============================================================
Batch 202/1439: Processing 500 files...
  Concatenating batch arrays...
  Filtering NaN/Inf...
  Valid batch pixels: 4,462,162
  Batch min: 0.12
  Batch max: 108.00
  Sampling 7,949 pixels from batch...
  Sample size after final filter: 7,949

============================================================
Batch 203/1439: Processing 500 files...
  Concatenating batch arrays...
  Filtering NaN/Inf...
  Valid batch pixels: 24,588,312
  Batch min: 0.12
  Batch max: 165.00
  Sampling 7,949 pixels from batch...
  Sample size after final filter: 7,949

============================================================
Batch 204/1439: Processing 500 files...
  Concatenating batch arrays...
  Filtering NaN/Inf...
  Valid batch pixels: 27,646,727
  Batch min: 0.12
  Batch max: 101.62
  Sampling 7,949 pixels from batch...
  Sample size after final filter: 7,949

============================================================
Batch 205/1439: Processing 500 files...
  Concatenating batch arrays...
  Filtering NaN/Inf...
  Valid batch pixels: 49,957,534
  Batch min: 0.12
  Batch max: 144.50
  Sampling 7,949 pixels from batch...
  Sample size after final filter: 7,949

============================================================
Batch 206/1439: Processing 500 files...
  Concatenating batch arrays...
  Filtering NaN/Inf...
  Valid batch pixels: 27,906,592
  Batch min: 0.12
  Batch max: 71.12
  Sampling 7,949 pixels from batch...
  Sample size after final filter: 7,949

============================================================
Batch 207/1439: Processing 500 files...
  Concatenating batch arrays...
  Filtering NaN/Inf...
  Valid batch pixels: 681,483
  Batch min: 0.12
  Batch max: 16.44
  Sampling 7,949 pixels from batch...
  Sample size after final filter: 7,949

============================================================
Batch 208/1439: Processing 500 files...
  Concatenating batch arrays...
  Filtering NaN/Inf...
  Valid batch pixels: 380,512
  Batch min: 0.12
  Batch max: 10.68
  Sampling 7,949 pixels from batch...
  Sample size after final filter: 7,949

============================================================
Batch 209/1439: Processing 500 files...
  Concatenating batch arrays...
  Filtering NaN/Inf...
  Valid batch pixels: 31,108,650
  Batch min: 0.12
  Batch max: 73.25
  Sampling 7,949 pixels from batch...
  Sample size after final filter: 7,949

============================================================
Batch 210/1439: Processing 500 files...
  Concatenating batch arrays...
  Filtering NaN/Inf...
  Valid batch pixels: 43,994,219
  Batch min: 0.12
  Batch max: 69.62
  Sampling 7,949 pixels from batch...
  Sample size after final filter: 7,949

============================================================
Batch 211/1439: Processing 500 files...
  Concatenating batch arrays...
  Filtering NaN/Inf...
  Valid batch pixels: 49,379,640
  Batch min: 0.12
  Batch max: 79.56
  Sampling 7,949 pixels from batch...
  Sample size after final filter: 7,949

============================================================
Batch 212/1439: Processing 500 files...
  Concatenating batch arrays...
  Filtering NaN/Inf...
  Valid batch pixels: 12,558,216
  Batch min: 0.12
  Batch max: 75.00
  Sampling 7,949 pixels from batch...
  Sample size after final filter: 7,949

============================================================
Batch 213/1439: Processing 500 files...
  Concatenating batch arrays...
  Filtering NaN/Inf...
  Valid batch pixels: 23,610,381
  Batch min: 0.12
  Batch max: 84.62
  Sampling 7,949 pixels from batch...
  Sample size after final filter: 7,949

============================================================
Batch 214/1439: Processing 500 files...
  Concatenating batch arrays...
  Filtering NaN/Inf...
  Valid batch pixels: 9,242,978
  Batch min: 0.12
  Batch max: 56.53
  Sampling 7,949 pixels from batch...
  Sample size after final filter: 7,949

============================================================
Batch 215/1439: Processing 500 files...
  Concatenating batch arrays...
  Filtering NaN/Inf...
  Valid batch pixels: 17,643,003
  Batch min: 0.12
  Batch max: 139.38
  Sampling 7,949 pixels from batch...
  Sample size after final filter: 7,949

============================================================
Batch 216/1439: Processing 500 files...
  Concatenating batch arrays...
  Filtering NaN/Inf...
  Valid batch pixels: 13,859
  Batch min: 0.12
  Batch max: 22.81
  Sampling 7,949 pixels from batch...
  Sample size after final filter: 7,949

============================================================
Batch 217/1439: Processing 500 files...
  Concatenating batch arrays...
  Filtering NaN/Inf...
  Valid batch pixels: 232,308
  Batch min: 0.12
  Batch max: 84.62
  Sampling 7,949 pixels from batch...
  Sample size after final filter: 7,949

============================================================
Batch 218/1439: Processing 500 files...
  Concatenating batch arrays...
  Filtering NaN/Inf...
  Valid batch pixels: 6,915,525
  Batch min: 0.12
  Batch max: 111.38
  Sampling 7,949 pixels from batch...
  Sample size after final filter: 7,949

============================================================
Batch 219/1439: Processing 500 files...
  Concatenating batch arrays...
  Filtering NaN/Inf...
  Valid batch pixels: 12,363,570
  Batch min: 0.12
  Batch max: 186.25
  Sampling 7,949 pixels from batch...
  Sample size after final filter: 7,949

============================================================
Batch 220/1439: Processing 500 files...
  Concatenating batch arrays...
  Filtering NaN/Inf...
  Valid batch pixels: 31,036,998
  Batch min: 0.12
  Batch max: 243.38
  Sampling 7,949 pixels from batch...
  Sample size after final filter: 7,949

============================================================
Batch 221/1439: Processing 500 files...
  Concatenating batch arrays...
  Filtering NaN/Inf...
  Valid batch pixels: 20,831,418
  Batch min: 0.12
  Batch max: 167.50
  Sampling 7,949 pixels from batch...
  Sample size after final filter: 7,949

============================================================
Batch 222/1439: Processing 500 files...
  Concatenating batch arrays...
  Filtering NaN/Inf...
  Valid batch pixels: 20,444,913
  Batch min: 0.12
  Batch max: 84.62
  Sampling 7,949 pixels from batch...
  Sample size after final filter: 7,949

============================================================
Batch 223/1439: Processing 500 files...
  Concatenating batch arrays...
  Filtering NaN/Inf...
  Valid batch pixels: 3,291,185
  Batch min: 0.12
  Batch max: 55.31
  Sampling 7,949 pixels from batch...
  Sample size after final filter: 7,949

============================================================
Batch 224/1439: Processing 500 files...
  Concatenating batch arrays...
  Filtering NaN/Inf...
  Valid batch pixels: 15,383,857
  Batch min: 0.12
  Batch max: 101.62
  Sampling 7,949 pixels from batch...
  Sample size after final filter: 7,949

============================================================
Batch 225/1439: Processing 500 files...
  Concatenating batch arrays...
  Filtering NaN/Inf...
  Valid batch pixels: 2,069,579
  Batch min: 0.12
  Batch max: 237.38
  Sampling 7,949 pixels from batch...
  Sample size after final filter: 7,949

============================================================
Batch 226/1439: Processing 500 files...
  Concatenating batch arrays...
  Filtering NaN/Inf...
  Valid batch pixels: 52,074,298
  Batch min: 0.12
  Batch max: 442.50
  Sampling 7,949 pixels from batch...
  Sample size after final filter: 7,949

============================================================
Batch 227/1439: Processing 500 files...
  Concatenating batch arrays...
  Filtering NaN/Inf...
  Valid batch pixels: 13,225,446
  Batch min: 0.12
  Batch max: 245.00
  Sampling 7,949 pixels from batch...
  Sample size after final filter: 7,949

============================================================
Batch 228/1439: Processing 500 files...
  Concatenating batch arrays...
  Filtering NaN/Inf...
  Valid batch pixels: 6,857,091
  Batch min: 0.12
  Batch max: 194.00
  Sampling 7,949 pixels from batch...
  Sample size after final filter: 7,949

============================================================
Batch 229/1439: Processing 500 files...
  Concatenating batch arrays...
  Filtering NaN/Inf...
  Valid batch pixels: 16,445,982
  Batch min: 0.12
  Batch max: 458.50
  Sampling 7,949 pixels from batch...
  Sample size after final filter: 7,949

============================================================
Batch 230/1439: Processing 500 files...
  Concatenating batch arrays...
  Filtering NaN/Inf...
  Valid batch pixels: 40,410,370
  Batch min: 0.12
  Batch max: 420.00
  Sampling 7,949 pixels from batch...
  Sample size after final filter: 7,949

============================================================
Batch 231/1439: Processing 500 files...
  Concatenating batch arrays...
  Filtering NaN/Inf...
  Valid batch pixels: 29,449,143
  Batch min: 0.12
  Batch max: 441.50
  Sampling 7,949 pixels from batch...
  Sample size after final filter: 7,949

============================================================
Batch 232/1439: Processing 500 files...
  Concatenating batch arrays...
  Filtering NaN/Inf...
  Valid batch pixels: 28,694,565
  Batch min: 0.12
  Batch max: 257.50
  Sampling 7,949 pixels from batch...
  Sample size after final filter: 7,949

============================================================
Batch 233/1439: Processing 500 files...
  Concatenating batch arrays...
  Filtering NaN/Inf...
  Valid batch pixels: 16,347,859
  Batch min: 0.12
  Batch max: 224.75
  Sampling 7,949 pixels from batch...
  Sample size after final filter: 7,949

============================================================
Batch 234/1439: Processing 500 files...
  Concatenating batch arrays...
  Filtering NaN/Inf...
  Valid batch pixels: 7,389,466
  Batch min: 0.12
  Batch max: 324.00
  Sampling 7,949 pixels from batch...
  Sample size after final filter: 7,949

============================================================
Batch 235/1439: Processing 500 files...
  Concatenating batch arrays...
  Filtering NaN/Inf...
  Valid batch pixels: 13,969,067
  Batch min: 0.12
  Batch max: 461.00
  Sampling 7,949 pixels from batch...
  Sample size after final filter: 7,949

============================================================
Batch 236/1439: Processing 500 files...
  Concatenating batch arrays...
  Filtering NaN/Inf...
  Valid batch pixels: 10,721,441
  Batch min: 0.12
  Batch max: 143.25
  Sampling 7,949 pixels from batch...
  Sample size after final filter: 7,949

============================================================
Batch 237/1439: Processing 500 files...
  Concatenating batch arrays...
  Filtering NaN/Inf...
  Valid batch pixels: 24,791,071
  Batch min: 0.12
  Batch max: 133.75
  Sampling 7,949 pixels from batch...
  Sample size after final filter: 7,949

============================================================
Batch 238/1439: Processing 500 files...
  Concatenating batch arrays...
  Filtering NaN/Inf...
  Valid batch pixels: 52,829,164
  Batch min: 0.12
  Batch max: 486.00
  Sampling 7,949 pixels from batch...
  Sample size after final filter: 7,949

============================================================
Batch 239/1439: Processing 500 files...
  Concatenating batch arrays...
  Filtering NaN/Inf...
  Valid batch pixels: 38,120,177
  Batch min: 0.12
  Batch max: 265.00
  Sampling 7,949 pixels from batch...
  Sample size after final filter: 7,949

============================================================
Batch 240/1439: Processing 500 files...
  Concatenating batch arrays...
  Filtering NaN/Inf...
  Valid batch pixels: 54,964,873
  Batch min: 0.12
  Batch max: 362.75
  Sampling 7,949 pixels from batch...
  Sample size after final filter: 7,949

============================================================
Batch 241/1439: Processing 500 files...
  Concatenating batch arrays...
  Filtering NaN/Inf...
  Valid batch pixels: 18,212,240
  Batch min: 0.12
  Batch max: 417.50
  Sampling 7,949 pixels from batch...
  Sample size after final filter: 7,949

============================================================
Batch 242/1439: Processing 500 files...
  Concatenating batch arrays...
  Filtering NaN/Inf...
  Valid batch pixels: 28,990,042
  Batch min: 0.12
  Batch max: 153.75
  Sampling 7,949 pixels from batch...
  Sample size after final filter: 7,949

============================================================
Batch 243/1439: Processing 500 files...
  Concatenating batch arrays...
  Filtering NaN/Inf...
  Valid batch pixels: 4,689,280
  Batch min: 0.12
  Batch max: 60.62
  Sampling 7,949 pixels from batch...
  Sample size after final filter: 7,949

============================================================
Batch 244/1439: Processing 500 files...
  Concatenating batch arrays...
  Filtering NaN/Inf...
  Valid batch pixels: 7,644,908
  Batch min: 0.12
  Batch max: 481.50
  Sampling 7,949 pixels from batch...
  Sample size after final filter: 7,949

============================================================
Batch 245/1439: Processing 500 files...
  Concatenating batch arrays...
  Filtering NaN/Inf...
  Valid batch pixels: 36,209,574
  Batch min: 0.12
  Batch max: 399.50
  Sampling 7,949 pixels from batch...
  Sample size after final filter: 7,949

============================================================
Batch 246/1439: Processing 500 files...
  Concatenating batch arrays...
  Filtering NaN/Inf...
  Valid batch pixels: 13,568,067
  Batch min: 0.12
  Batch max: 95.50
  Sampling 7,949 pixels from batch...
  Sample size after final filter: 7,949

============================================================
Batch 247/1439: Processing 500 files...
  Concatenating batch arrays...
  Filtering NaN/Inf...
  Valid batch pixels: 12,392,101
  Batch min: 0.12
  Batch max: 148.75
  Sampling 7,949 pixels from batch...
  Sample size after final filter: 7,949

============================================================
Batch 248/1439: Processing 500 files...
  Concatenating batch arrays...
  Filtering NaN/Inf...
  Valid batch pixels: 17,807,401
  Batch min: 0.12
  Batch max: 194.75
  Sampling 7,949 pixels from batch...
  Sample size after final filter: 7,949

============================================================
Batch 249/1439: Processing 500 files...
  Concatenating batch arrays...
  Filtering NaN/Inf...
  Valid batch pixels: 26,312,913
  Batch min: 0.12
  Batch max: 214.88
  Sampling 7,949 pixels from batch...
  Sample size after final filter: 7,949

============================================================
Batch 250/1439: Processing 500 files...
  Concatenating batch arrays...
  Filtering NaN/Inf...
  Valid batch pixels: 4,639,807
  Batch min: 0.12
  Batch max: 204.25
  Sampling 7,949 pixels from batch...
  Sample size after final filter: 7,949

============================================================
Batch 251/1439: Processing 500 files...
  Concatenating batch arrays...
  Filtering NaN/Inf...
  Valid batch pixels: 8,043,942
  Batch min: 0.12
  Batch max: 275.00
  Sampling 7,949 pixels from batch...
  Sample size after final filter: 7,949

============================================================
Batch 252/1439: Processing 500 files...
  Concatenating batch arrays...
  Filtering NaN/Inf...
  Valid batch pixels: 1,370,889
  Batch min: 0.12
  Batch max: 55.31
  Sampling 7,949 pixels from batch...
  Sample size after final filter: 7,949

============================================================
Batch 253/1439: Processing 500 files...
  Concatenating batch arrays...
  Filtering NaN/Inf...
  Valid batch pixels: 9,019,485
  Batch min: 0.12
  Batch max: 147.50
  Sampling 7,949 pixels from batch...
  Sample size after final filter: 7,949

============================================================
Batch 254/1439: Processing 500 files...
  Concatenating batch arrays...
  Filtering NaN/Inf...
  Valid batch pixels: 6,360,915
  Batch min: 0.12
  Batch max: 352.50
  Sampling 7,949 pixels from batch...
  Sample size after final filter: 7,949

============================================================
Batch 255/1439: Processing 500 files...
  Concatenating batch arrays...
  Filtering NaN/Inf...
  Valid batch pixels: 34,035,902
  Batch min: 0.12
  Batch max: 372.25
  Sampling 7,949 pixels from batch...
  Sample size after final filter: 7,949

============================================================
Batch 256/1439: Processing 500 files...
  Concatenating batch arrays...
  Filtering NaN/Inf...
  Valid batch pixels: 37,637,190
  Batch min: 0.12
  Batch max: 178.25
  Sampling 7,949 pixels from batch...
  Sample size after final filter: 7,949

============================================================
Batch 257/1439: Processing 500 files...
  Concatenating batch arrays...
  Filtering NaN/Inf...
  Valid batch pixels: 2,286,946
  Batch min: 0.12
  Batch max: 54.84
  Sampling 7,949 pixels from batch...
  Sample size after final filter: 7,949

============================================================
Batch 258/1439: Processing 500 files...
  Concatenating batch arrays...
  Filtering NaN/Inf...
  Valid batch pixels: 4,373,931
  Batch min: 0.12
  Batch max: 216.50
  Sampling 7,949 pixels from batch...
  Sample size after final filter: 7,949

============================================================
Batch 259/1439: Processing 500 files...
  Concatenating batch arrays...
  Filtering NaN/Inf...
  Valid batch pixels: 205,396
  Batch min: 0.12
  Batch max: 146.12
  Sampling 7,949 pixels from batch...
  Sample size after final filter: 7,949

============================================================
Batch 260/1439: Processing 500 files...
  Concatenating batch arrays...
  Filtering NaN/Inf...
  Valid batch pixels: 16,769,634
  Batch min: 0.12
  Batch max: 285.75
  Sampling 7,949 pixels from batch...
  Sample size after final filter: 7,949

============================================================
Batch 261/1439: Processing 500 files...
  Concatenating batch arrays...
  Filtering NaN/Inf...
  Valid batch pixels: 19,374,956
  Batch min: 0.12
  Batch max: 306.25
  Sampling 7,949 pixels from batch...
  Sample size after final filter: 7,949

============================================================
Batch 262/1439: Processing 500 files...
  Concatenating batch arrays...
  Filtering NaN/Inf...
  Valid batch pixels: 6,181,141
  Batch min: 0.12
  Batch max: 247.12
  Sampling 7,949 pixels from batch...
  Sample size after final filter: 7,949

============================================================
Batch 263/1439: Processing 500 files...
  Concatenating batch arrays...
  Filtering NaN/Inf...
  Valid batch pixels: 13,029,784
  Batch min: 0.12
  Batch max: 297.25
  Sampling 7,949 pixels from batch...
  Sample size after final filter: 7,949

============================================================
Batch 264/1439: Processing 500 files...
  Concatenating batch arrays...
  Filtering NaN/Inf...
  Valid batch pixels: 16,848,315
  Batch min: 0.12
  Batch max: 486.00
  Sampling 7,949 pixels from batch...
  Sample size after final filter: 7,949

============================================================
Batch 265/1439: Processing 500 files...
  Concatenating batch arrays...
  Filtering NaN/Inf...
  Valid batch pixels: 25,234,257
  Batch min: 0.12
  Batch max: 167.00
  Sampling 7,949 pixels from batch...
  Sample size after final filter: 7,949

============================================================
Batch 266/1439: Processing 500 files...
  Concatenating batch arrays...
  Filtering NaN/Inf...
  Valid batch pixels: 22,188,133
  Batch min: 0.12
  Batch max: 81.00
  Sampling 7,949 pixels from batch...
  Sample size after final filter: 7,949

============================================================
Batch 267/1439: Processing 500 files...
  Concatenating batch arrays...
  Filtering NaN/Inf...
  Valid batch pixels: 43,480,034
  Batch min: 0.12
  Batch max: 186.25
  Sampling 7,949 pixels from batch...
  Sample size after final filter: 7,949

============================================================
Batch 268/1439: Processing 500 files...
  Concatenating batch arrays...
  Filtering NaN/Inf...
  Valid batch pixels: 3,188,438
  Batch min: 0.12
  Batch max: 427.50
  Sampling 7,949 pixels from batch...
  Sample size after final filter: 7,949

============================================================
Batch 269/1439: Processing 500 files...
  Concatenating batch arrays...
  Filtering NaN/Inf...
  Valid batch pixels: 9,351,801
  Batch min: 0.12
  Batch max: 350.50
  Sampling 7,949 pixels from batch...
  Sample size after final filter: 7,949

============================================================
Batch 270/1439: Processing 500 files...
  Concatenating batch arrays...
  Filtering NaN/Inf...
  Valid batch pixels: 21,385,789
  Batch min: 0.12
  Batch max: 159.12
  Sampling 7,949 pixels from batch...
  Sample size after final filter: 7,949

============================================================
Batch 271/1439: Processing 500 files...
  Concatenating batch arrays...
  Filtering NaN/Inf...
  Valid batch pixels: 24,538,105
  Batch min: 0.12
  Batch max: 63.62
  Sampling 7,949 pixels from batch...
  Sample size after final filter: 7,949

============================================================
Batch 272/1439: Processing 500 files...
  Concatenating batch arrays...
  Filtering NaN/Inf...
  Valid batch pixels: 807,370
  Batch min: 0.12
  Batch max: 47.38
  Sampling 7,949 pixels from batch...
  Sample size after final filter: 7,949

============================================================
Batch 273/1439: Processing 500 files...
  Concatenating batch arrays...
  Filtering NaN/Inf...
  Valid batch pixels: 762,194
  Batch min: 0.12
  Batch max: 210.25
  Sampling 7,949 pixels from batch...
  Sample size after final filter: 7,949

============================================================
Batch 274/1439: Processing 500 files...
  Concatenating batch arrays...
  Filtering NaN/Inf...
  Valid batch pixels: 4,886,840
  Batch min: 0.12
  Batch max: 252.25
  Sampling 7,949 pixels from batch...
  Sample size after final filter: 7,949

============================================================
Batch 275/1439: Processing 500 files...
  Concatenating batch arrays...
  Filtering NaN/Inf...
  Valid batch pixels: 11,240,939
  Batch min: 0.12
  Batch max: 155.75
  Sampling 7,949 pixels from batch...
  Sample size after final filter: 7,949

============================================================
Batch 276/1439: Processing 500 files...
  Concatenating batch arrays...
  Filtering NaN/Inf...
  Valid batch pixels: 31,468,730
  Batch min: 0.12
  Batch max: 160.75
  Sampling 7,949 pixels from batch...
  Sample size after final filter: 7,949

============================================================
Batch 277/1439: Processing 500 files...
  Concatenating batch arrays...
  Filtering NaN/Inf...
  Valid batch pixels: 6,724,424
  Batch min: 0.12
  Batch max: 144.50
  Sampling 7,949 pixels from batch...
  Sample size after final filter: 7,949

============================================================
Batch 278/1439: Processing 500 files...
  Concatenating batch arrays...
  Filtering NaN/Inf...
  Valid batch pixels: 56,129
  Batch min: 0.12
  Batch max: 70.56
  Sampling 7,949 pixels from batch...
  Sample size after final filter: 7,949

============================================================
Batch 279/1439: Processing 500 files...
  Concatenating batch arrays...
  Filtering NaN/Inf...
  Valid batch pixels: 8,936,373
  Batch min: 0.12
  Batch max: 455.00
  Sampling 7,949 pixels from batch...
  Sample size after final filter: 7,949

============================================================
Batch 280/1439: Processing 500 files...
  Concatenating batch arrays...
  Filtering NaN/Inf...
  Valid batch pixels: 4,954,550
  Batch min: 0.12
  Batch max: 213.38
  Sampling 7,949 pixels from batch...
  Sample size after final filter: 7,949

============================================================
Batch 281/1439: Processing 500 files...
  Concatenating batch arrays...
  Filtering NaN/Inf...
  Valid batch pixels: 1,032,684
  Batch min: 0.12
  Batch max: 146.12
  Sampling 7,949 pixels from batch...
  Sample size after final filter: 7,949

============================================================
Batch 282/1439: Processing 500 files...
  Concatenating batch arrays...
  Filtering NaN/Inf...
  Valid batch pixels: 15,584,815
  Batch min: 0.12
  Batch max: 163.25
  Sampling 7,949 pixels from batch...
  Sample size after final filter: 7,949

============================================================
Batch 283/1439: Processing 500 files...
  Concatenating batch arrays...
  Filtering NaN/Inf...
  Valid batch pixels: 19,893,830
  Batch min: 0.12
  Batch max: 237.25
  Sampling 7,949 pixels from batch...
  Sample size after final filter: 7,949

============================================================
Batch 284/1439: Processing 500 files...
  Concatenating batch arrays...
  Filtering NaN/Inf...
  Valid batch pixels: 10,292
  Batch min: 0.12
  Batch max: 18.00
  Sampling 7,949 pixels from batch...
  Sample size after final filter: 7,949

============================================================
Batch 285/1439: Processing 500 files...
  Concatenating batch arrays...
  Filtering NaN/Inf...
  Valid batch pixels: 493,668
  Batch min: 0.12
  Batch max: 186.25
  Sampling 7,949 pixels from batch...
  Sample size after final filter: 7,949

============================================================
Batch 286/1439: Processing 500 files...
  Concatenating batch arrays...
  Filtering NaN/Inf...
  Valid batch pixels: 14,586,180
  Batch min: 0.12
  Batch max: 261.25
  Sampling 7,949 pixels from batch...
  Sample size after final filter: 7,949

============================================================
Batch 287/1439: Processing 500 files...
  Concatenating batch arrays...
  Filtering NaN/Inf...
  Valid batch pixels: 27,414,994
  Batch min: 0.12
  Batch max: 73.75
  Sampling 7,949 pixels from batch...
  Sample size after final filter: 7,949

============================================================
Batch 288/1439: Processing 500 files...
  Concatenating batch arrays...
  Filtering NaN/Inf...
  Valid batch pixels: 512,539
  Batch min: 0.12
  Batch max: 101.62
  Sampling 7,949 pixels from batch...
  Sample size after final filter: 7,949

============================================================
Batch 289/1439: Processing 500 files...
  Concatenating batch arrays...
  Filtering NaN/Inf...
  Valid batch pixels: 2,362,716
  Batch min: 0.12
  Batch max: 186.00
  Sampling 7,949 pixels from batch...
  Sample size after final filter: 7,949

============================================================
Batch 290/1439: Processing 500 files...
  Concatenating batch arrays...
  Filtering NaN/Inf...
  Valid batch pixels: 1,783,144
  Batch min: 0.12
  Batch max: 66.38
  Sampling 7,949 pixels from batch...
  Sample size after final filter: 7,949

============================================================
Batch 291/1439: Processing 500 files...
  Concatenating batch arrays...
  Filtering NaN/Inf...
  Valid batch pixels: 30,005,296
  Batch min: 0.12
  Batch max: 155.12
  Sampling 7,949 pixels from batch...
  Sample size after final filter: 7,949

============================================================
Batch 292/1439: Processing 500 files...
  Concatenating batch arrays...
  Filtering NaN/Inf...
  Valid batch pixels: 26,592,212
  Batch min: 0.12
  Batch max: 178.25
  Sampling 7,949 pixels from batch...
  Sample size after final filter: 7,949

============================================================
Batch 293/1439: Processing 500 files...
  Concatenating batch arrays...
  Filtering NaN/Inf...
  Valid batch pixels: 10,928,990
  Batch min: 0.12
  Batch max: 60.00
  Sampling 7,949 pixels from batch...
  Sample size after final filter: 7,949

============================================================
Batch 294/1439: Processing 500 files...
  Concatenating batch arrays...
  Filtering NaN/Inf...
  Valid batch pixels: 10,479,807
  Batch min: 0.12
  Batch max: 74.38
  Sampling 7,949 pixels from batch...
  Sample size after final filter: 7,949

============================================================
Batch 295/1439: Processing 500 files...
  Concatenating batch arrays...
  Filtering NaN/Inf...
  Valid batch pixels: 14,330,884
  Batch min: 0.12
  Batch max: 74.38
  Sampling 7,949 pixels from batch...
  Sample size after final filter: 7,949

============================================================
Batch 296/1439: Processing 500 files...
  Concatenating batch arrays...
  Filtering NaN/Inf...
  Valid batch pixels: 11,186,168
  Batch min: 0.12
  Batch max: 46.06
  Sampling 7,949 pixels from batch...
  Sample size after final filter: 7,949

============================================================
Batch 297/1439: Processing 500 files...
  Concatenating batch arrays...
  Filtering NaN/Inf...
  Valid batch pixels: 14,494,906
  Batch min: 0.12
  Batch max: 56.31
  Sampling 7,949 pixels from batch...
  Sample size after final filter: 7,949

============================================================
Batch 298/1439: Processing 500 files...
  Concatenating batch arrays...
  Filtering NaN/Inf...
  Valid batch pixels: 6,866,165
  Batch min: 0.12
  Batch max: 44.53
  Sampling 7,949 pixels from batch...
  Sample size after final filter: 7,949

============================================================
Batch 299/1439: Processing 500 files...
  Concatenating batch arrays...
  Filtering NaN/Inf...
  Valid batch pixels: 23,440,318
  Batch min: 0.12
  Batch max: 82.25
  Sampling 7,949 pixels from batch...
  Sample size after final filter: 7,949

============================================================
Batch 300/1439: Processing 500 files...
  Concatenating batch arrays...
  Filtering NaN/Inf...
  Valid batch pixels: 46,940,887
  Batch min: 0.12
  Batch max: 78.62
  Sampling 7,949 pixels from batch...
  Sample size after final filter: 7,949

============================================================
Batch 301/1439: Processing 500 files...
  Concatenating batch arrays...
  Filtering NaN/Inf...
  Valid batch pixels: 34,113,117
  Batch min: 0.12
  Batch max: 73.69
  Sampling 7,949 pixels from batch...
  Sample size after final filter: 7,949

============================================================
Batch 302/1439: Processing 500 files...
  Concatenating batch arrays...
  Filtering NaN/Inf...
  Valid batch pixels: 16,747,953
  Batch min: 0.12
  Batch max: 55.78
  Sampling 7,949 pixels from batch...
  Sample size after final filter: 7,949

============================================================
Batch 303/1439: Processing 500 files...
  Concatenating batch arrays...
  Filtering NaN/Inf...
  Valid batch pixels: 46,432,381
  Batch min: 0.12
  Batch max: 73.06
  Sampling 7,949 pixels from batch...
  Sample size after final filter: 7,949

============================================================
Batch 304/1439: Processing 500 files...
  Concatenating batch arrays...
  Filtering NaN/Inf...
  Valid batch pixels: 4,978,541
  Batch min: 0.12
  Batch max: 45.34
  Sampling 7,949 pixels from batch...
  Sample size after final filter: 7,949

============================================================
Batch 305/1439: Processing 500 files...
  Concatenating batch arrays...
  Filtering NaN/Inf...
  Valid batch pixels: 1,555,563
  Batch min: 0.12
  Batch max: 45.84
  Sampling 7,949 pixels from batch...
  Sample size after final filter: 7,949

============================================================
Batch 306/1439: Processing 500 files...
  Concatenating batch arrays...
  Filtering NaN/Inf...
  Valid batch pixels: 217,788
  Batch min: 0.12
  Batch max: 33.62
  Sampling 7,949 pixels from batch...
  Sample size after final filter: 7,949

============================================================
Batch 307/1439: Processing 500 files...
  Concatenating batch arrays...
  Filtering NaN/Inf...
  Valid batch pixels: 4,519,741
  Batch min: 0.12
  Batch max: 41.03
  Sampling 7,949 pixels from batch...
  Sample size after final filter: 7,949

============================================================
Batch 308/1439: Processing 500 files...
  Concatenating batch arrays...
  Filtering NaN/Inf...
  Valid batch pixels: 12,126,963
  Batch min: 0.12
  Batch max: 63.62
  Sampling 7,949 pixels from batch...
  Sample size after final filter: 7,949

============================================================
Batch 309/1439: Processing 500 files...
  Concatenating batch arrays...
  Filtering NaN/Inf...
  Valid batch pixels: 17,701,680
  Batch min: 0.12
  Batch max: 45.25
  Sampling 7,949 pixels from batch...
  Sample size after final filter: 7,949

============================================================
Batch 310/1439: Processing 500 files...
  Concatenating batch arrays...
  Filtering NaN/Inf...
  Valid batch pixels: 46,347,849
  Batch min: 0.12
  Batch max: 70.75
  Sampling 7,949 pixels from batch...
  Sample size after final filter: 7,949

============================================================
Batch 311/1439: Processing 500 files...
  Concatenating batch arrays...
  Filtering NaN/Inf...
  Valid batch pixels: 25,189,221
  Batch min: 0.12
  Batch max: 54.00
  Sampling 7,949 pixels from batch...
  Sample size after final filter: 7,949

============================================================
Batch 312/1439: Processing 500 files...
  Concatenating batch arrays...
  Filtering NaN/Inf...
  Valid batch pixels: 34,382,421
  Batch min: 0.12
  Batch max: 43.31
  Sampling 7,949 pixels from batch...
  Sample size after final filter: 7,949

============================================================
Batch 313/1439: Processing 500 files...
  Concatenating batch arrays...
  Filtering NaN/Inf...
  Valid batch pixels: 29,863,482
  Batch min: 0.12
  Batch max: 71.75
  Sampling 7,949 pixels from batch...
  Sample size after final filter: 7,949

============================================================
Batch 314/1439: Processing 500 files...
  Concatenating batch arrays...
  Filtering NaN/Inf...
  Valid batch pixels: 6,308,502
  Batch min: 0.12
  Batch max: 25.08
  Sampling 7,949 pixels from batch...
  Sample size after final filter: 7,949

============================================================
Batch 315/1439: Processing 500 files...
  Concatenating batch arrays...
  Filtering NaN/Inf...
  Valid batch pixels: 20,558,410
  Batch min: 0.12
  Batch max: 62.53
  Sampling 7,949 pixels from batch...
  Sample size after final filter: 7,949

============================================================
Batch 316/1439: Processing 500 files...
  Concatenating batch arrays...
  Filtering NaN/Inf...
  Valid batch pixels: 39,327,391
  Batch min: 0.12
  Batch max: 92.12
  Sampling 7,949 pixels from batch...
  Sample size after final filter: 7,949

============================================================
Batch 317/1439: Processing 500 files...
  Concatenating batch arrays...
  Filtering NaN/Inf...
  Valid batch pixels: 15,926,388
  Batch min: 0.12
  Batch max: 36.12
  Sampling 7,949 pixels from batch...
  Sample size after final filter: 7,949

============================================================
Batch 318/1439: Processing 500 files...
  Concatenating batch arrays...
  Filtering NaN/Inf...
  Valid batch pixels: 1,722,583
  Batch min: 0.12
  Batch max: 19.92
  Sampling 7,949 pixels from batch...
  Sample size after final filter: 7,949

============================================================
Batch 319/1439: Processing 500 files...
  Concatenating batch arrays...
  Filtering NaN/Inf...
  Valid batch pixels: 1,684,434
  Batch min: 0.12
  Batch max: 21.59
  Sampling 7,949 pixels from batch...
  Sample size after final filter: 7,949

============================================================
Batch 320/1439: Processing 500 files...
  Concatenating batch arrays...
  Filtering NaN/Inf...
  Valid batch pixels: 459,755
  Batch min: 0.12
  Batch max: 20.88
  Sampling 7,949 pixels from batch...
  Sample size after final filter: 7,949

============================================================
Batch 321/1439: Processing 500 files...
  Concatenating batch arrays...
  Filtering NaN/Inf...
  Valid batch pixels: 16,349,366
  Batch min: 0.12
  Batch max: 94.75
  Sampling 7,949 pixels from batch...
  Sample size after final filter: 7,949

============================================================
Batch 322/1439: Processing 500 files...
  Concatenating batch arrays...
  Filtering NaN/Inf...
  Valid batch pixels: 406,548
  Batch min: 0.12
  Batch max: 29.66
  Sampling 7,949 pixels from batch...
  Sample size after final filter: 7,949

============================================================
Batch 323/1439: Processing 500 files...
  Concatenating batch arrays...
  Filtering NaN/Inf...
  Valid batch pixels: 222,523
  Batch min: 0.12
  Batch max: 15.23
  Sampling 7,949 pixels from batch...
  Sample size after final filter: 7,949

============================================================
Batch 324/1439: Processing 500 files...
  Concatenating batch arrays...
  Filtering NaN/Inf...
  Valid batch pixels: 3,387,402
  Batch min: 0.12
  Batch max: 14.52
  Sampling 7,949 pixels from batch...
  Sample size after final filter: 7,949

============================================================
Batch 325/1439: Processing 500 files...
  Concatenating batch arrays...
  Filtering NaN/Inf...
  Valid batch pixels: 4,914,730
  Batch min: 0.12
  Batch max: 62.53
  Sampling 7,949 pixels from batch...
  Sample size after final filter: 7,949

============================================================
Batch 326/1439: Processing 500 files...
  Concatenating batch arrays...
  Filtering NaN/Inf...
  Valid batch pixels: 20,873,879
  Batch min: 0.12
  Batch max: 30.23
  Sampling 7,949 pixels from batch...
  Sample size after final filter: 7,949

============================================================
Batch 327/1439: Processing 500 files...
  Concatenating batch arrays...
  Filtering NaN/Inf...
  Valid batch pixels: 19,242,198
  Batch min: 0.12
  Batch max: 76.75
  Sampling 7,949 pixels from batch...
  Sample size after final filter: 7,949

============================================================
Batch 328/1439: Processing 500 files...
  Concatenating batch arrays...
  Filtering NaN/Inf...
  Valid batch pixels: 815,618
  Batch min: 0.12
  Batch max: 25.08
  Sampling 7,949 pixels from batch...
  Sample size after final filter: 7,949

============================================================
Batch 329/1439: Processing 500 files...
  Concatenating batch arrays...
  Filtering NaN/Inf...
  Valid batch pixels: 2,919,804
  Batch min: 0.12
  Batch max: 34.06
  Sampling 7,949 pixels from batch...
  Sample size after final filter: 7,949

============================================================
Batch 330/1439: Processing 500 files...
  Concatenating batch arrays...
  Filtering NaN/Inf...
  Valid batch pixels: 15,391,554
  Batch min: 0.12
  Batch max: 32.75
  Sampling 7,949 pixels from batch...
  Sample size after final filter: 7,949

============================================================
Batch 331/1439: Processing 500 files...
  Concatenating batch arrays...
  Filtering NaN/Inf...
  Valid batch pixels: 16,916,074
  Batch min: 0.12
  Batch max: 87.88
  Sampling 7,949 pixels from batch...
  Sample size after final filter: 7,949

============================================================
Batch 332/1439: Processing 500 files...
  Concatenating batch arrays...
  Filtering NaN/Inf...
  Valid batch pixels: 8,135,223
  Batch min: 0.12
  Batch max: 91.25
  Sampling 7,949 pixels from batch...
  Sample size after final filter: 7,949

============================================================
Batch 333/1439: Processing 500 files...
  Concatenating batch arrays...
  Filtering NaN/Inf...
  Valid batch pixels: 1,860,676
  Batch min: 0.12
  Batch max: 44.03
  Sampling 7,949 pixels from batch...
  Sample size after final filter: 7,949

============================================================
Batch 334/1439: Processing 500 files...
  Concatenating batch arrays...
  Filtering NaN/Inf...
  Valid batch pixels: 3,734,685
  Batch min: 0.12
  Batch max: 64.75
  Sampling 7,949 pixels from batch...
  Sample size after final filter: 7,949

============================================================
Batch 335/1439: Processing 500 files...
  Concatenating batch arrays...
  Filtering NaN/Inf...
  Valid batch pixels: 29,393,630
  Batch min: 0.12
  Batch max: 36.00
  Sampling 7,949 pixels from batch...
  Sample size after final filter: 7,949

============================================================
Batch 336/1439: Processing 500 files...
  Concatenating batch arrays...
  Filtering NaN/Inf...
  Valid batch pixels: 40,215,742
  Batch min: 0.12
  Batch max: 195.25
  Sampling 7,949 pixels from batch...
  Sample size after final filter: 7,949

============================================================
Batch 337/1439: Processing 500 files...
  Concatenating batch arrays...
  Filtering NaN/Inf...
  Valid batch pixels: 3,955,642
  Batch min: 0.12
  Batch max: 45.62
  Sampling 7,949 pixels from batch...
  Sample size after final filter: 7,949

============================================================
Batch 338/1439: Processing 500 files...
  Concatenating batch arrays...
  Filtering NaN/Inf...
  Valid batch pixels: 17,483,407
  Batch min: 0.12
  Batch max: 64.75
  Sampling 7,949 pixels from batch...
  Sample size after final filter: 7,949

============================================================
Batch 339/1439: Processing 500 files...
  Concatenating batch arrays...
  Filtering NaN/Inf...
  Valid batch pixels: 12,296,493
  Batch min: 0.12
  Batch max: 19.19
  Sampling 7,949 pixels from batch...
  Sample size after final filter: 7,949

============================================================
Batch 340/1439: Processing 500 files...
  Concatenating batch arrays...
  Filtering NaN/Inf...
  Valid batch pixels: 11,370,436
  Batch min: 0.12
  Batch max: 30.61
  Sampling 7,949 pixels from batch...
  Sample size after final filter: 7,949

============================================================
Batch 341/1439: Processing 500 files...
  Concatenating batch arrays...
  Filtering NaN/Inf...
  Valid batch pixels: 4,595,284
  Batch min: 0.12
  Batch max: 18.23
  Sampling 7,949 pixels from batch...
  Sample size after final filter: 7,949

============================================================
Batch 342/1439: Processing 500 files...
  Concatenating batch arrays...
  Filtering NaN/Inf...
  Valid batch pixels: 43,787
  Batch min: 0.12
  Batch max: 38.53
  Sampling 7,949 pixels from batch...
  Sample size after final filter: 7,949

============================================================
Batch 343/1439: Processing 500 files...
  Concatenating batch arrays...
  Filtering NaN/Inf...
  Valid batch pixels: 14,585,182
  Batch min: 0.12
  Batch max: 45.47
  Sampling 7,949 pixels from batch...
  Sample size after final filter: 7,949

============================================================
Batch 344/1439: Processing 500 files...
  Concatenating batch arrays...
  Filtering NaN/Inf...
  Valid batch pixels: 12,417,646
  Batch min: 0.12
  Batch max: 41.53
  Sampling 7,949 pixels from batch...
  Sample size after final filter: 7,949

============================================================
Batch 345/1439: Processing 500 files...
  Concatenating batch arrays...
  Filtering NaN/Inf...
  Valid batch pixels: 22,293,577
  Batch min: 0.12
  Batch max: 61.22
  Sampling 7,949 pixels from batch...
  Sample size after final filter: 7,949

============================================================
Batch 346/1439: Processing 500 files...
  Concatenating batch arrays...
  Filtering NaN/Inf...
  Valid batch pixels: 41,160,812
  Batch min: 0.12
  Batch max: 82.44
  Sampling 7,949 pixels from batch...
  Sample size after final filter: 7,949

============================================================
Batch 347/1439: Processing 500 files...
  Concatenating batch arrays...
  Filtering NaN/Inf...
  Valid batch pixels: 38,644,086
  Batch min: 0.12
  Batch max: 109.88
  Sampling 7,949 pixels from batch...
  Sample size after final filter: 7,949

============================================================
Batch 348/1439: Processing 500 files...
  Concatenating batch arrays...
  Filtering NaN/Inf...
  Valid batch pixels: 17,767,236
  Batch min: 0.12
  Batch max: 45.34
  Sampling 7,949 pixels from batch...
  Sample size after final filter: 7,949

============================================================
Batch 349/1439: Processing 500 files...
  Concatenating batch arrays...
  Filtering NaN/Inf...
  Valid batch pixels: 32,835,477
  Batch min: 0.12
  Batch max: 178.75
  Sampling 7,949 pixels from batch...
  Sample size after final filter: 7,949

============================================================
Batch 350/1439: Processing 500 files...
  Concatenating batch arrays...
  Filtering NaN/Inf...
  Valid batch pixels: 42,467,105
  Batch min: 0.12
  Batch max: 49.44
  Sampling 7,949 pixels from batch...
  Sample size after final filter: 7,949

============================================================
Batch 351/1439: Processing 500 files...
  Concatenating batch arrays...
  Filtering NaN/Inf...
  Valid batch pixels: 4,265,838
  Batch min: 0.12
  Batch max: 39.25
  Sampling 7,949 pixels from batch...
  Sample size after final filter: 7,949

============================================================
Batch 352/1439: Processing 500 files...
  Concatenating batch arrays...
  Filtering NaN/Inf...
  Valid batch pixels: 27,388,980
  Batch min: 0.12
  Batch max: 66.38
  Sampling 7,949 pixels from batch...
  Sample size after final filter: 7,949

============================================================
Batch 353/1439: Processing 500 files...
  Concatenating batch arrays...
  Filtering NaN/Inf...
  Valid batch pixels: 39,821,628
  Batch min: 0.12
  Batch max: 139.62
  Sampling 7,949 pixels from batch...
  Sample size after final filter: 7,949

============================================================
Batch 354/1439: Processing 500 files...
  Concatenating batch arrays...
  Filtering NaN/Inf...
  Valid batch pixels: 3,145,899
  Batch min: 0.12
  Batch max: 95.50
  Sampling 7,949 pixels from batch...
  Sample size after final filter: 7,949

============================================================
Batch 355/1439: Processing 500 files...
  Concatenating batch arrays...
  Filtering NaN/Inf...
  Valid batch pixels: 197,509
  Batch min: 0.12
  Batch max: 13.92
  Sampling 7,949 pixels from batch...
  Sample size after final filter: 7,949

============================================================
Batch 356/1439: Processing 500 files...
  Concatenating batch arrays...
  Filtering NaN/Inf...
  Valid batch pixels: 1,361,523
  Batch min: 0.12
  Batch max: 84.62
  Sampling 7,949 pixels from batch...
  Sample size after final filter: 7,949

============================================================
Batch 357/1439: Processing 500 files...
  Concatenating batch arrays...
  Filtering NaN/Inf...
  Valid batch pixels: 244,572
  Batch min: 0.12
  Batch max: 26.77
  Sampling 7,949 pixels from batch...
  Sample size after final filter: 7,949

============================================================
Batch 358/1439: Processing 500 files...
  Concatenating batch arrays...
  Filtering NaN/Inf...
  Valid batch pixels: 49,834,601
  Batch min: 0.12
  Batch max: 119.06
  Sampling 7,949 pixels from batch...
  Sample size after final filter: 7,949

============================================================
Batch 359/1439: Processing 500 files...
  Concatenating batch arrays...
  Filtering NaN/Inf...
  Valid batch pixels: 54,604,149
  Batch min: 0.12
  Batch max: 69.69
  Sampling 7,949 pixels from batch...
  Sample size after final filter: 7,949

============================================================
Batch 360/1439: Processing 500 files...
  Concatenating batch arrays...
  Filtering NaN/Inf...
  Valid batch pixels: 27,759,012
  Batch min: 0.12
  Batch max: 76.69
  Sampling 7,949 pixels from batch...
  Sample size after final filter: 7,949

============================================================
Batch 361/1439: Processing 500 files...
  Concatenating batch arrays...
  Filtering NaN/Inf...
  Valid batch pixels: 16,644,908
  Batch min: 0.12
  Batch max: 32.03
  Sampling 7,949 pixels from batch...
  Sample size after final filter: 7,949

============================================================
Batch 362/1439: Processing 500 files...
  Concatenating batch arrays...
  Filtering NaN/Inf...
  Valid batch pixels: 221,567
  Batch min: 0.12
  Batch max: 62.53
  Sampling 7,949 pixels from batch...
  Sample size after final filter: 7,949

============================================================
Batch 363/1439: Processing 500 files...
  Concatenating batch arrays...
  Filtering NaN/Inf...
  Valid batch pixels: 7,591
  Batch min: 0.12
  Batch max: 33.97
  Sample size after final filter: 7,591

============================================================
Batch 364/1439: Processing 500 files...
  Concatenating batch arrays...
  Filtering NaN/Inf...
  Valid batch pixels: 353,952
  Batch min: 0.12
  Batch max: 37.69
  Sampling 7,949 pixels from batch...
  Sample size after final filter: 7,949

============================================================
Batch 365/1439: Processing 500 files...
  Concatenating batch arrays...
  Filtering NaN/Inf...
  Valid batch pixels: 5,614,622
  Batch min: 0.12
  Batch max: 46.06
  Sampling 7,949 pixels from batch...
  Sample size after final filter: 7,949

============================================================
Batch 366/1439: Processing 500 files...
  Concatenating batch arrays...
  Filtering NaN/Inf...
  Valid batch pixels: 3,337,697
  Batch min: 0.12
  Batch max: 185.88
  Sampling 7,949 pixels from batch...
  Sample size after final filter: 7,949

============================================================
Batch 367/1439: Processing 500 files...
  Concatenating batch arrays...
  Filtering NaN/Inf...
  Valid batch pixels: 9,101,008
  Batch min: 0.12
  Batch max: 169.88
  Sampling 7,949 pixels from batch...
  Sample size after final filter: 7,949

============================================================
Batch 368/1439: Processing 500 files...
  Concatenating batch arrays...
  Filtering NaN/Inf...
  Valid batch pixels: 10,673,167
  Batch min: 0.12
  Batch max: 121.31
  Sampling 7,949 pixels from batch...
  Sample size after final filter: 7,949

============================================================
Batch 369/1439: Processing 500 files...
  Concatenating batch arrays...
  Filtering NaN/Inf...
  Valid batch pixels: 3,313,637
  Batch min: 0.12
  Batch max: 46.56
  Sampling 7,949 pixels from batch...
  Sample size after final filter: 7,949

============================================================
Batch 370/1439: Processing 500 files...
  Concatenating batch arrays...
  Filtering NaN/Inf...
  Valid batch pixels: 285,965
  Batch min: 0.12
  Batch max: 105.00
  Sampling 7,949 pixels from batch...
  Sample size after final filter: 7,949

============================================================
Batch 371/1439: Processing 500 files...
  Concatenating batch arrays...
  Filtering NaN/Inf...
  Valid batch pixels: 17,625,098
  Batch min: 0.12
  Batch max: 138.75
  Sampling 7,949 pixels from batch...
  Sample size after final filter: 7,949

============================================================
Batch 372/1439: Processing 500 files...
  Concatenating batch arrays...
  Filtering NaN/Inf...
  Valid batch pixels: 24,728,800
  Batch min: 0.12
  Batch max: 40.06
  Sampling 7,949 pixels from batch...
  Sample size after final filter: 7,949

============================================================
Batch 373/1439: Processing 500 files...
  Concatenating batch arrays...
  Filtering NaN/Inf...
  Valid batch pixels: 20,537,618
  Batch min: 0.12
  Batch max: 50.38
  Sampling 7,949 pixels from batch...
  Sample size after final filter: 7,949

============================================================
Batch 374/1439: Processing 500 files...
  Concatenating batch arrays...
  Filtering NaN/Inf...
  Valid batch pixels: 41,066,268
  Batch min: 0.12
  Batch max: 68.38
  Sampling 7,949 pixels from batch...
  Sample size after final filter: 7,949

============================================================
Batch 375/1439: Processing 500 files...
  Concatenating batch arrays...
  Filtering NaN/Inf...
  Valid batch pixels: 25,285,386
  Batch min: 0.12
  Batch max: 52.69
  Sampling 7,949 pixels from batch...
  Sample size after final filter: 7,949

============================================================
Batch 376/1439: Processing 500 files...
  Concatenating batch arrays...
  Filtering NaN/Inf...
  Valid batch pixels: 5,432,621
  Batch min: 0.12
  Batch max: 30.00
  Sampling 7,949 pixels from batch...
  Sample size after final filter: 7,949

============================================================
Batch 377/1439: Processing 500 files...
  Concatenating batch arrays...
  Filtering NaN/Inf...
  Valid batch pixels: 14,664,452
  Batch min: 0.12
  Batch max: 48.00
  Sampling 7,949 pixels from batch...
  Sample size after final filter: 7,949

============================================================
Batch 378/1439: Processing 500 files...
  Concatenating batch arrays...
  Filtering NaN/Inf...
  Valid batch pixels: 6,670,314
  Batch min: 0.12
  Batch max: 42.00
  Sampling 7,949 pixels from batch...
  Sample size after final filter: 7,949

============================================================
Batch 379/1439: Processing 500 files...
  Concatenating batch arrays...
  Filtering NaN/Inf...
  Valid batch pixels: 50,785,047
  Batch min: 0.12
  Batch max: 121.69
  Sampling 7,949 pixels from batch...
  Sample size after final filter: 7,949

============================================================
Batch 380/1439: Processing 500 files...
  Concatenating batch arrays...
  Filtering NaN/Inf...
  Valid batch pixels: 46,078,645
  Batch min: 0.12
  Batch max: 44.66
  Sampling 7,949 pixels from batch...
  Sample size after final filter: 7,949

============================================================
Batch 381/1439: Processing 500 files...
  Concatenating batch arrays...
  Filtering NaN/Inf...
  Valid batch pixels: 20,127,344
  Batch min: 0.12
  Batch max: 67.56
  Sampling 7,949 pixels from batch...
  Sample size after final filter: 7,949

============================================================
Batch 382/1439: Processing 500 files...
  Concatenating batch arrays...
  Filtering NaN/Inf...
  Valid batch pixels: 17,108,412
  Batch min: 0.12
  Batch max: 43.19
  Sampling 7,949 pixels from batch...
  Sample size after final filter: 7,949

============================================================
Batch 383/1439: Processing 500 files...
  Concatenating batch arrays...
  Filtering NaN/Inf...
  Valid batch pixels: 49,722,316
  Batch min: 0.12
  Batch max: 184.38
  Sampling 7,949 pixels from batch...
  Sample size after final filter: 7,949

============================================================
Batch 384/1439: Processing 500 files...
  Concatenating batch arrays...
  Filtering NaN/Inf...
  Valid batch pixels: 18,234,342
  Batch min: 0.12
  Batch max: 49.06
  Sampling 7,949 pixels from batch...
  Sample size after final filter: 7,949

============================================================
Batch 385/1439: Processing 500 files...
  Concatenating batch arrays...
  Filtering NaN/Inf...
  Valid batch pixels: 33,160,370
  Batch min: 0.12
  Batch max: 113.06
  Sampling 7,949 pixels from batch...
  Sample size after final filter: 7,949

============================================================
Batch 386/1439: Processing 500 files...
  Concatenating batch arrays...
  Filtering NaN/Inf...
  Valid batch pixels: 8,469,831
  Batch min: 0.12
  Batch max: 27.61
  Sampling 7,949 pixels from batch...
  Sample size after final filter: 7,949

============================================================
Batch 387/1439: Processing 500 files...
  Concatenating batch arrays...
  Filtering NaN/Inf...
  Valid batch pixels: 21,054,349
  Batch min: 0.12
  Batch max: 129.38
  Sampling 7,949 pixels from batch...
  Sample size after final filter: 7,949

============================================================
Batch 388/1439: Processing 500 files...
  Concatenating batch arrays...
  Filtering NaN/Inf...
  Valid batch pixels: 21,585,369
  Batch min: 0.12
  Batch max: 216.50
  Sampling 7,949 pixels from batch...
  Sample size after final filter: 7,949

============================================================
Batch 389/1439: Processing 500 files...
  Concatenating batch arrays...
  Filtering NaN/Inf...
  Valid batch pixels: 13,796,963
  Batch min: 0.12
  Batch max: 297.50
  Sampling 7,949 pixels from batch...
  Sample size after final filter: 7,949

============================================================
Batch 390/1439: Processing 500 files...
  Concatenating batch arrays...
  Filtering NaN/Inf...
  Valid batch pixels: 13,156,403
  Batch min: 0.12
  Batch max: 28.31
  Sampling 7,949 pixels from batch...
  Sample size after final filter: 7,949

============================================================
Batch 391/1439: Processing 500 files...
  Concatenating batch arrays...
  Filtering NaN/Inf...
  Valid batch pixels: 20,993,388
  Batch min: 0.12
  Batch max: 228.75
  Sampling 7,949 pixels from batch...
  Sample size after final filter: 7,949

============================================================
Batch 392/1439: Processing 500 files...
  Concatenating batch arrays...
  Filtering NaN/Inf...
  Valid batch pixels: 20,233,152
  Batch min: 0.12
  Batch max: 409.50
  Sampling 7,949 pixels from batch...
  Sample size after final filter: 7,949

============================================================
Batch 393/1439: Processing 500 files...
  Concatenating batch arrays...
  Filtering NaN/Inf...
  Valid batch pixels: 205,375
  Batch min: 0.12
  Batch max: 101.62
  Sampling 7,949 pixels from batch...
  Sample size after final filter: 7,949

============================================================
Batch 394/1439: Processing 500 files...
  Concatenating batch arrays...
  Filtering NaN/Inf...
  Valid batch pixels: 4,334,661
  Batch min: 0.12
  Batch max: 190.62
  Sampling 7,949 pixels from batch...
  Sample size after final filter: 7,949

============================================================
Batch 395/1439: Processing 500 files...
  Concatenating batch arrays...
  Filtering NaN/Inf...
  Valid batch pixels: 1,830,029
  Batch min: 0.12
  Batch max: 82.06
  Sampling 7,949 pixels from batch...
  Sample size after final filter: 7,949

============================================================
Batch 396/1439: Processing 500 files...
  Concatenating batch arrays...
  Filtering NaN/Inf...
  Valid batch pixels: 455,398
  Batch min: 0.12
  Batch max: 284.50
  Sampling 7,949 pixels from batch...
  Sample size after final filter: 7,949

============================================================
Batch 397/1439: Processing 500 files...
  Concatenating batch arrays...
  Filtering NaN/Inf...
  Valid batch pixels: 3,380,157
  Batch min: 0.12
  Batch max: 265.00
  Sampling 7,949 pixels from batch...
  Sample size after final filter: 7,949

============================================================
Batch 398/1439: Processing 500 files...
  Concatenating batch arrays...
  Filtering NaN/Inf...
  Valid batch pixels: 7,978,616
  Batch min: 0.12
  Batch max: 465.75
  Sampling 7,949 pixels from batch...
  Sample size after final filter: 7,949

============================================================
Batch 399/1439: Processing 500 files...
  Concatenating batch arrays...
  Filtering NaN/Inf...
  Valid batch pixels: 48,657,922
  Batch min: 0.12
  Batch max: 425.25
  Sampling 7,949 pixels from batch...
  Sample size after final filter: 7,949

============================================================
Batch 400/1439: Processing 500 files...
  Concatenating batch arrays...
  Filtering NaN/Inf...
  Valid batch pixels: 34,066,792
  Batch min: 0.12
  Batch max: 257.75
  Sampling 7,949 pixels from batch...
  Sample size after final filter: 7,949

============================================================
Batch 401/1439: Processing 500 files...
  Concatenating batch arrays...
  Filtering NaN/Inf...
  Valid batch pixels: 15,571,492
  Batch min: 0.12
  Batch max: 282.00
  Sampling 7,949 pixels from batch...
  Sample size after final filter: 7,949

============================================================
Batch 402/1439: Processing 500 files...
  Concatenating batch arrays...
  Filtering NaN/Inf...
  Valid batch pixels: 4,992,034
  Batch min: 0.12
  Batch max: 470.25
  Sampling 7,949 pixels from batch...
  Sample size after final filter: 7,949

============================================================
Batch 403/1439: Processing 500 files...
  Concatenating batch arrays...
  Filtering NaN/Inf...
  Valid batch pixels: 238,624
  Batch min: 0.12
  Batch max: 213.50
  Sampling 7,949 pixels from batch...
  Sample size after final filter: 7,949

============================================================
Batch 404/1439: Processing 500 files...
  Concatenating batch arrays...
  Filtering NaN/Inf...
  Valid batch pixels: 11,037,090
  Batch min: 0.12
  Batch max: 386.50
  Sampling 7,949 pixels from batch...
  Sample size after final filter: 7,949

============================================================
Batch 405/1439: Processing 500 files...
  Concatenating batch arrays...
  Filtering NaN/Inf...
  Valid batch pixels: 13,946,769
  Batch min: 0.12
  Batch max: 175.25
  Sampling 7,949 pixels from batch...
  Sample size after final filter: 7,949

============================================================
Batch 406/1439: Processing 500 files...
  Concatenating batch arrays...
  Filtering NaN/Inf...
  Valid batch pixels: 43,838,487
  Batch min: 0.12
  Batch max: 177.50
  Sampling 7,949 pixels from batch...
  Sample size after final filter: 7,949

============================================================
Batch 407/1439: Processing 500 files...
  Concatenating batch arrays...
  Filtering NaN/Inf...
  Valid batch pixels: 7,760,535
  Batch min: 0.12
  Batch max: 358.75
  Sampling 7,949 pixels from batch...
  Sample size after final filter: 7,949

============================================================
Batch 408/1439: Processing 500 files...
  Concatenating batch arrays...
  Filtering NaN/Inf...
  Valid batch pixels: 5,175,255
  Batch min: 0.12
  Batch max: 140.75
  Sampling 7,949 pixels from batch...
  Sample size after final filter: 7,949

============================================================
Batch 409/1439: Processing 500 files...
  Concatenating batch arrays...
  Filtering NaN/Inf...
  Valid batch pixels: 11,807,172
  Batch min: 0.12
  Batch max: 240.25
  Sampling 7,949 pixels from batch...
  Sample size after final filter: 7,949

============================================================
Batch 410/1439: Processing 500 files...
  Concatenating batch arrays...
  Filtering NaN/Inf...
  Valid batch pixels: 9,799,990
  Batch min: 0.12
  Batch max: 336.25
  Sampling 7,949 pixels from batch...
  Sample size after final filter: 7,949

============================================================
Batch 411/1439: Processing 500 files...
  Concatenating batch arrays...
  Filtering NaN/Inf...
  Valid batch pixels: 31,381,347
  Batch min: 0.12
  Batch max: 260.75
  Sampling 7,949 pixels from batch...
  Sample size after final filter: 7,949

============================================================
Batch 412/1439: Processing 500 files...
  Concatenating batch arrays...
  Filtering NaN/Inf...
  Valid batch pixels: 46,010,134
  Batch min: 0.12
  Batch max: 260.00
  Sampling 7,949 pixels from batch...
  Sample size after final filter: 7,949

============================================================
Batch 413/1439: Processing 500 files...
  Concatenating batch arrays...
  Filtering NaN/Inf...
  Valid batch pixels: 6,461,423
  Batch min: 0.12
  Batch max: 163.88
  Sampling 7,949 pixels from batch...
  Sample size after final filter: 7,949

============================================================
Batch 414/1439: Processing 500 files...
  Concatenating batch arrays...
  Filtering NaN/Inf...
  Valid batch pixels: 12,279,825
  Batch min: 0.12
  Batch max: 178.00
  Sampling 7,949 pixels from batch...
  Sample size after final filter: 7,949

============================================================
Batch 415/1439: Processing 500 files...
  Concatenating batch arrays...
  Filtering NaN/Inf...
  Valid batch pixels: 4,158,966
  Batch min: 0.12
  Batch max: 165.50
  Sampling 7,949 pixels from batch...
  Sample size after final filter: 7,949

============================================================
Batch 416/1439: Processing 500 files...
  Concatenating batch arrays...
  Filtering NaN/Inf...
  Valid batch pixels: 8,271,935
  Batch min: 0.12
  Batch max: 410.00
  Sampling 7,949 pixels from batch...
  Sample size after final filter: 7,949

============================================================
Batch 417/1439: Processing 500 files...
  Concatenating batch arrays...
  Filtering NaN/Inf...
  Valid batch pixels: 19,972,918
  Batch min: 0.12
  Batch max: 270.50
  Sampling 7,949 pixels from batch...
  Sample size after final filter: 7,949

============================================================
Batch 418/1439: Processing 500 files...
  Concatenating batch arrays...
  Filtering NaN/Inf...
  Valid batch pixels: 29,454,190
  Batch min: 0.12
  Batch max: 252.25
  Sampling 7,949 pixels from batch...
  Sample size after final filter: 7,949

============================================================
Batch 419/1439: Processing 500 files...
  Concatenating batch arrays...
  Filtering NaN/Inf...
  Valid batch pixels: 56,284,945
  Batch min: 0.12
  Batch max: 341.50
  Sampling 7,949 pixels from batch...
  Sample size after final filter: 7,949

============================================================
Batch 420/1439: Processing 500 files...
  Concatenating batch arrays...
  Filtering NaN/Inf...
  Valid batch pixels: 27,886,812
  Batch min: 0.12
  Batch max: 220.50
  Sampling 7,949 pixels from batch...
  Sample size after final filter: 7,949

============================================================
Batch 421/1439: Processing 500 files...
  Concatenating batch arrays...
  Filtering NaN/Inf...
  Valid batch pixels: 13,024,546
  Batch min: 0.12
  Batch max: 335.50
  Sampling 7,949 pixels from batch...
  Sample size after final filter: 7,949

============================================================
Batch 422/1439: Processing 500 files...
  Concatenating batch arrays...
  Filtering NaN/Inf...
  Valid batch pixels: 13,381,967
  Batch min: 0.12
  Batch max: 490.50
  Sampling 7,949 pixels from batch...
  Sample size after final filter: 7,949

============================================================
Batch 423/1439: Processing 500 files...
  Concatenating batch arrays...
  Filtering NaN/Inf...
  Valid batch pixels: 22,801,240
  Batch min: 0.12
  Batch max: 290.25
  Sampling 7,949 pixels from batch...
  Sample size after final filter: 7,949

============================================================
Batch 424/1439: Processing 500 files...
  Concatenating batch arrays...
  Filtering NaN/Inf...
  Valid batch pixels: 7,870,257
  Batch min: 0.12
  Batch max: 470.00
  Sampling 7,949 pixels from batch...
  Sample size after final filter: 7,949

============================================================
Batch 425/1439: Processing 500 files...
  Concatenating batch arrays...
  Filtering NaN/Inf...
  Valid batch pixels: 6,940,643
  Batch min: 0.12
  Batch max: 237.38
  Sampling 7,949 pixels from batch...
  Sample size after final filter: 7,949

============================================================
Batch 426/1439: Processing 500 files...
  Concatenating batch arrays...
  Filtering NaN/Inf...
  Valid batch pixels: 31,351,602
  Batch min: 0.12
  Batch max: 206.25
  Sampling 7,949 pixels from batch...
  Sample size after final filter: 7,949

============================================================
Batch 427/1439: Processing 500 files...
  Concatenating batch arrays...
  Filtering NaN/Inf...
  Valid batch pixels: 19,612,517
  Batch min: 0.12
  Batch max: 202.75
  Sampling 7,949 pixels from batch...
  Sample size after final filter: 7,949

============================================================
Batch 428/1439: Processing 500 files...
  Concatenating batch arrays...
  Filtering NaN/Inf...
  Valid batch pixels: 21,707,854
  Batch min: 0.12
  Batch max: 349.50
  Sampling 7,949 pixels from batch...
  Sample size after final filter: 7,949

============================================================
Batch 429/1439: Processing 500 files...
  Concatenating batch arrays...
  Filtering NaN/Inf...
  Valid batch pixels: 3,358,759
  Batch min: 0.12
  Batch max: 308.75
  Sampling 7,949 pixels from batch...
  Sample size after final filter: 7,949

============================================================
Batch 430/1439: Processing 500 files...
  Concatenating batch arrays...
  Filtering NaN/Inf...
  Valid batch pixels: 29,247,808
  Batch min: 0.12
  Batch max: 192.75
  Sampling 7,949 pixels from batch...
  Sample size after final filter: 7,949

============================================================
Batch 431/1439: Processing 500 files...
  Concatenating batch arrays...
  Filtering NaN/Inf...
  Valid batch pixels: 5,780,016
  Batch min: 0.12
  Batch max: 82.31
  Sampling 7,949 pixels from batch...
  Sample size after final filter: 7,949

============================================================
Batch 432/1439: Processing 500 files...
  Concatenating batch arrays...
  Filtering NaN/Inf...
  Valid batch pixels: 38,848,428
  Batch min: 0.12
  Batch max: 118.12
  Sampling 7,949 pixels from batch...
  Sample size after final filter: 7,949

============================================================
Batch 433/1439: Processing 500 files...
  Concatenating batch arrays...
  Filtering NaN/Inf...
  Valid batch pixels: 27,194,278
  Batch min: 0.12
  Batch max: 216.50
  Sampling 7,949 pixels from batch...
  Sample size after final filter: 7,949

============================================================
Batch 434/1439: Processing 500 files...
  Concatenating batch arrays...
  Filtering NaN/Inf...
  Valid batch pixels: 23,447,937
  Batch min: 0.12
  Batch max: 154.38
  Sampling 7,949 pixels from batch...
  Sample size after final filter: 7,949

============================================================
Batch 435/1439: Processing 500 files...
  Concatenating batch arrays...
  Filtering NaN/Inf...
  Valid batch pixels: 6,052,731
  Batch min: 0.12
  Batch max: 141.50
  Sampling 7,949 pixels from batch...
  Sample size after final filter: 7,949

============================================================
Batch 436/1439: Processing 500 files...
  Concatenating batch arrays...
  Filtering NaN/Inf...
  Valid batch pixels: 18,250,662
  Batch min: 0.12
  Batch max: 142.38
  Sampling 7,949 pixels from batch...
  Sample size after final filter: 7,949

============================================================
Batch 437/1439: Processing 500 files...
  Concatenating batch arrays...
  Filtering NaN/Inf...
  Valid batch pixels: 40,990,184
  Batch min: 0.12
  Batch max: 99.88
  Sampling 7,949 pixels from batch...
  Sample size after final filter: 7,949

============================================================
Batch 438/1439: Processing 500 files...
  Concatenating batch arrays...
  Filtering NaN/Inf...
  Valid batch pixels: 47,179,558
  Batch min: 0.12
  Batch max: 187.12
  Sampling 7,949 pixels from batch...
  Sample size after final filter: 7,949

============================================================
Batch 439/1439: Processing 500 files...
  Concatenating batch arrays...
  Filtering NaN/Inf...
  Valid batch pixels: 41,512,623
  Batch min: 0.12
  Batch max: 84.00
  Sampling 7,949 pixels from batch...
  Sample size after final filter: 7,949

============================================================
Batch 440/1439: Processing 500 files...
  Concatenating batch arrays...
  Filtering NaN/Inf...
  Valid batch pixels: 16,550,522
  Batch min: 0.12
  Batch max: 211.12
  Sampling 7,949 pixels from batch...
  Sample size after final filter: 7,949

============================================================
Batch 441/1439: Processing 500 files...
  Concatenating batch arrays...
  Filtering NaN/Inf...
  Valid batch pixels: 1,380,502
  Batch min: 0.12
  Batch max: 47.75
  Sampling 7,949 pixels from batch...
  Sample size after final filter: 7,949

============================================================
Batch 442/1439: Processing 500 files...
  Concatenating batch arrays...
  Filtering NaN/Inf...
  Valid batch pixels: 2,408,318
  Batch min: 0.12
  Batch max: 75.00
  Sampling 7,949 pixels from batch...
  Sample size after final filter: 7,949

============================================================
Batch 443/1439: Processing 500 files...
  Concatenating batch arrays...
  Filtering NaN/Inf...
  Valid batch pixels: 25,192,212
  Batch min: 0.12
  Batch max: 117.56
  Sampling 7,949 pixels from batch...
  Sample size after final filter: 7,949

============================================================
Batch 444/1439: Processing 500 files...
  Concatenating batch arrays...
  Filtering NaN/Inf...
  Valid batch pixels: 22,785,227
  Batch min: 0.12
  Batch max: 87.00
  Sampling 7,949 pixels from batch...
  Sample size after final filter: 7,949

============================================================
Batch 445/1439: Processing 500 files...
  Concatenating batch arrays...
  Filtering NaN/Inf...
  Valid batch pixels: 20,002,063
  Batch min: 0.12
  Batch max: 84.62
  Sampling 7,949 pixels from batch...
  Sample size after final filter: 7,949

============================================================
Batch 446/1439: Processing 500 files...
  Concatenating batch arrays...
  Filtering NaN/Inf...
  Valid batch pixels: 2,448,668
  Batch min: 0.12
  Batch max: 32.03
  Sampling 7,949 pixels from batch...
  Sample size after final filter: 7,949

============================================================
Batch 447/1439: Processing 500 files...
  Concatenating batch arrays...
  Filtering NaN/Inf...
  Valid batch pixels: 56,021,550
  Batch min: 0.12
  Batch max: 77.31
  Sampling 7,949 pixels from batch...
  Sample size after final filter: 7,949

============================================================
Batch 448/1439: Processing 500 files...
  Concatenating batch arrays...
  Filtering NaN/Inf...
  Valid batch pixels: 6,133,611
  Batch min: 0.12
  Batch max: 38.66
  Sampling 7,949 pixels from batch...
  Sample size after final filter: 7,949

============================================================
Batch 449/1439: Processing 500 files...
  Concatenating batch arrays...
  Filtering NaN/Inf...
  Valid batch pixels: 7,457,911
  Batch min: 0.12
  Batch max: 30.12
  Sampling 7,949 pixels from batch...
  Sample size after final filter: 7,949

============================================================
Batch 450/1439: Processing 500 files...
  Concatenating batch arrays...
  Filtering NaN/Inf...
  Valid batch pixels: 55,934,848
  Batch min: 0.12
  Batch max: 94.75
  Sampling 7,949 pixels from batch...
  Sample size after final filter: 7,949

============================================================
Batch 451/1439: Processing 500 files...
  Concatenating batch arrays...
  Filtering NaN/Inf...
  Valid batch pixels: 49,775,575
  Batch min: 0.12
  Batch max: 155.00
  Sampling 7,949 pixels from batch...
  Sample size after final filter: 7,949

============================================================
Batch 452/1439: Processing 500 files...
  Concatenating batch arrays...
  Filtering NaN/Inf...
  Valid batch pixels: 3,813,285
  Batch min: 0.12
  Batch max: 46.69
  Sampling 7,949 pixels from batch...
  Sample size after final filter: 7,949

============================================================
Batch 453/1439: Processing 500 files...
  Concatenating batch arrays...
  Filtering NaN/Inf...
  Valid batch pixels: 3,281,679
  Batch min: 0.12
  Batch max: 43.44
  Sampling 7,949 pixels from batch...
  Sample size after final filter: 7,949

============================================================
Batch 454/1439: Processing 500 files...
  Concatenating batch arrays...
  Filtering NaN/Inf...
  Valid batch pixels: 10,919,699
  Batch min: 0.12
  Batch max: 62.53
  Sampling 7,949 pixels from batch...
  Sample size after final filter: 7,949

============================================================
Batch 455/1439: Processing 500 files...
  Concatenating batch arrays...
  Filtering NaN/Inf...
  Valid batch pixels: 40,924,724
  Batch min: 0.12
  Batch max: 82.75
  Sampling 7,949 pixels from batch...
  Sample size after final filter: 7,949

============================================================
Batch 456/1439: Processing 500 files...
  Concatenating batch arrays...
  Filtering NaN/Inf...
  Valid batch pixels: 34,429,734
  Batch min: 0.12
  Batch max: 62.75
  Sampling 7,949 pixels from batch...
  Sample size after final filter: 7,949

============================================================
Batch 457/1439: Processing 500 files...
  Concatenating batch arrays...
  Filtering NaN/Inf...
  Valid batch pixels: 60,040,130
  Batch min: 0.12
  Batch max: 70.56
  Sampling 7,949 pixels from batch...
  Sample size after final filter: 7,949

============================================================
Batch 458/1439: Processing 500 files...
  Concatenating batch arrays...
  Filtering NaN/Inf...
  Valid batch pixels: 45,170,023
  Batch min: 0.12
  Batch max: 66.69
  Sampling 7,949 pixels from batch...
  Sample size after final filter: 7,949

============================================================
Batch 459/1439: Processing 500 files...
  Concatenating batch arrays...
  Filtering NaN/Inf...
  Valid batch pixels: 36,489,842
  Batch min: 0.12
  Batch max: 48.00
  Sampling 7,949 pixels from batch...
  Sample size after final filter: 7,949

============================================================
Batch 460/1439: Processing 500 files...
  Concatenating batch arrays...
  Filtering NaN/Inf...
  Valid batch pixels: 15,480,078
  Batch min: 0.12
  Batch max: 42.00
  Sampling 7,949 pixels from batch...
  Sample size after final filter: 7,949

============================================================
Batch 461/1439: Processing 500 files...
  Concatenating batch arrays...
  Filtering NaN/Inf...
  Valid batch pixels: 20,761,842
  Batch min: 0.12
  Batch max: 39.62
  Sampling 7,949 pixels from batch...
  Sample size after final filter: 7,949

============================================================
Batch 462/1439: Processing 500 files...
  Concatenating batch arrays...
  Filtering NaN/Inf...
  Valid batch pixels: 8,994,695
  Batch min: 0.12
  Batch max: 49.69
  Sampling 7,949 pixels from batch...
  Sample size after final filter: 7,949

============================================================
Batch 463/1439: Processing 500 files...
  Concatenating batch arrays...
  Filtering NaN/Inf...
  Valid batch pixels: 35,683,882
  Batch min: 0.12
  Batch max: 55.31
  Sampling 7,949 pixels from batch...
  Sample size after final filter: 7,949

============================================================
Batch 464/1439: Processing 500 files...
  Concatenating batch arrays...
  Filtering NaN/Inf...
  Valid batch pixels: 68,060,528
  Batch min: 0.12
  Batch max: 50.38
  Sampling 7,949 pixels from batch...
  Sample size after final filter: 7,949

============================================================
Batch 465/1439: Processing 500 files...
  Concatenating batch arrays...
  Filtering NaN/Inf...
  Valid batch pixels: 46,287,209
  Batch min: 0.12
  Batch max: 63.94
  Sampling 7,949 pixels from batch...
  Sample size after final filter: 7,949

============================================================
Batch 466/1439: Processing 500 files...
  Concatenating batch arrays...
  Filtering NaN/Inf...
  Valid batch pixels: 30,909,878
  Batch min: 0.12
  Batch max: 53.06
  Sampling 7,949 pixels from batch...
  Sample size after final filter: 7,949

============================================================
Batch 467/1439: Processing 500 files...
  Concatenating batch arrays...
  Filtering NaN/Inf...
  Valid batch pixels: 17,102,346
  Batch min: 0.12
  Batch max: 48.69
  Sampling 7,949 pixels from batch...
  Sample size after final filter: 7,949

============================================================
Batch 468/1439: Processing 500 files...
  Concatenating batch arrays...
  Filtering NaN/Inf...
  Valid batch pixels: 8,060,118
  Batch min: 0.12
  Batch max: 43.19
  Sampling 7,949 pixels from batch...
  Sample size after final filter: 7,949

============================================================
Batch 469/1439: Processing 500 files...
  Concatenating batch arrays...
  Filtering NaN/Inf...
  Valid batch pixels: 4,176,610
  Batch min: 0.12
  Batch max: 42.25
  Sampling 7,949 pixels from batch...
  Sample size after final filter: 7,949

============================================================
Batch 470/1439: Processing 500 files...
  Concatenating batch arrays...
  Filtering NaN/Inf...
  Valid batch pixels: 32,888,029
  Batch min: 0.12
  Batch max: 44.38
  Sampling 7,949 pixels from batch...
  Sample size after final filter: 7,949

============================================================
Batch 471/1439: Processing 500 files...
  Concatenating batch arrays...
  Filtering NaN/Inf...
  Valid batch pixels: 53,151,863
  Batch min: 0.12
  Batch max: 58.78
  Sampling 7,949 pixels from batch...
  Sample size after final filter: 7,949

============================================================
Batch 472/1439: Processing 500 files...
  Concatenating batch arrays...
  Filtering NaN/Inf...
  Valid batch pixels: 69,362,117
  Batch min: 0.12
  Batch max: 142.62
  Sampling 7,949 pixels from batch...
  Sample size after final filter: 7,949

============================================================
Batch 473/1439: Processing 500 files...
  Concatenating batch arrays...
  Filtering NaN/Inf...
  Valid batch pixels: 62,505,185
  Batch min: 0.12
  Batch max: 83.38
  Sampling 7,949 pixels from batch...
  Sample size after final filter: 7,949

============================================================
Batch 474/1439: Processing 500 files...
  Concatenating batch arrays...
  Filtering NaN/Inf...
  Valid batch pixels: 29,769,481
  Batch min: 0.12
  Batch max: 54.38
  Sampling 7,949 pixels from batch...
  Sample size after final filter: 7,949

============================================================
Batch 475/1439: Processing 500 files...
  Concatenating batch arrays...
  Filtering NaN/Inf...
  Valid batch pixels: 319,070
  Batch min: 0.12
  Batch max: 67.06
  Sampling 7,949 pixels from batch...
  Sample size after final filter: 7,949

============================================================
Batch 476/1439: Processing 500 files...
  Concatenating batch arrays...
  Filtering NaN/Inf...
  Valid batch pixels: 12,788,832
  Batch min: 0.12
  Batch max: 78.25
  Sampling 7,949 pixels from batch...
  Sample size after final filter: 7,949

============================================================
Batch 477/1439: Processing 500 files...
  Concatenating batch arrays...
  Filtering NaN/Inf...
  Valid batch pixels: 13,380,847
  Batch min: 0.12
  Batch max: 28.44
  Sampling 7,949 pixels from batch...
  Sample size after final filter: 7,949

============================================================
Batch 478/1439: Processing 500 files...
  Concatenating batch arrays...
  Filtering NaN/Inf...
  Valid batch pixels: 115,948
  Batch min: 0.12
  Batch max: 13.20
  Sampling 7,949 pixels from batch...
  Sample size after final filter: 7,949

============================================================
Batch 479/1439: Processing 500 files...
  Concatenating batch arrays...
  Filtering NaN/Inf...
  Valid batch pixels: 32,044,811
  Batch min: 0.12
  Batch max: 46.19
  Sampling 7,949 pixels from batch...
  Sample size after final filter: 7,949

============================================================
Batch 480/1439: Processing 500 files...
  Concatenating batch arrays...
  Filtering NaN/Inf...
  Valid batch pixels: 51,503,872
  Batch min: 0.12
  Batch max: 100.12
  Sampling 7,949 pixels from batch...
  Sample size after final filter: 7,949

============================================================
Batch 481/1439: Processing 500 files...
  Concatenating batch arrays...
  Filtering NaN/Inf...
  Valid batch pixels: 42,530,521
  Batch min: 0.12
  Batch max: 92.50
  Sampling 7,949 pixels from batch...
  Sample size after final filter: 7,949

============================================================
Batch 482/1439: Processing 500 files...
  Concatenating batch arrays...
  Filtering NaN/Inf...
  Valid batch pixels: 40,405,976
  Batch min: 0.12
  Batch max: 103.25
  Sampling 7,949 pixels from batch...
  Sample size after final filter: 7,949

============================================================
Batch 483/1439: Processing 500 files...
  Concatenating batch arrays...
  Filtering NaN/Inf...
  Valid batch pixels: 10,018,200
  Batch min: 0.12
  Batch max: 94.56
  Sampling 7,949 pixels from batch...
  Sample size after final filter: 7,949

============================================================
Batch 484/1439: Processing 500 files...
  Concatenating batch arrays...
  Filtering NaN/Inf...
  Valid batch pixels: 30,780,210
  Batch min: 0.12
  Batch max: 38.16
  Sampling 7,949 pixels from batch...
  Sample size after final filter: 7,949

============================================================
Batch 485/1439: Processing 500 files...
  Concatenating batch arrays...
  Filtering NaN/Inf...
  Valid batch pixels: 8,027,352
  Batch min: 0.12
  Batch max: 58.78
  Sampling 7,949 pixels from batch...
  Sample size after final filter: 7,949

============================================================
Batch 486/1439: Processing 500 files...
  Concatenating batch arrays...
  Filtering NaN/Inf...
  Valid batch pixels: 16,021,530
  Batch min: 0.12
  Batch max: 60.00
  Sampling 7,949 pixels from batch...
  Sample size after final filter: 7,949

============================================================
Batch 487/1439: Processing 500 files...
  Concatenating batch arrays...
  Filtering NaN/Inf...
  Valid batch pixels: 35,172,943
  Batch min: 0.12
  Batch max: 67.56
  Sampling 7,949 pixels from batch...
  Sample size after final filter: 7,949

============================================================
Batch 488/1439: Processing 500 files...
  Concatenating batch arrays...
  Filtering NaN/Inf...
  Valid batch pixels: 25,269,781
  Batch min: 0.12
  Batch max: 50.38
  Sampling 7,949 pixels from batch...
  Sample size after final filter: 7,949

============================================================
Batch 489/1439: Processing 500 files...
  Concatenating batch arrays...
  Filtering NaN/Inf...
  Valid batch pixels: 16,036,712
  Batch min: 0.12
  Batch max: 27.47
  Sampling 7,949 pixels from batch...
  Sample size after final filter: 7,949

============================================================
Batch 490/1439: Processing 500 files...
  Concatenating batch arrays...
  Filtering NaN/Inf...
  Valid batch pixels: 5,422,104
  Batch min: 0.12
  Batch max: 27.00
  Sampling 7,949 pixels from batch...
  Sample size after final filter: 7,949

============================================================
Batch 491/1439: Processing 500 files...
  Concatenating batch arrays...
  Filtering NaN/Inf...
  Valid batch pixels: 8,186,436
  Batch min: 0.12
  Batch max: 36.00
  Sampling 7,949 pixels from batch...
  Sample size after final filter: 7,949

============================================================
Batch 492/1439: Processing 500 files...
  Concatenating batch arrays...
  Filtering NaN/Inf...
  Valid batch pixels: 2,373,966
  Batch min: 0.12
  Batch max: 13.20
  Sampling 7,949 pixels from batch...
  Sample size after final filter: 7,949

============================================================
Batch 493/1439: Processing 500 files...
  Concatenating batch arrays...
  Filtering NaN/Inf...
  Valid batch pixels: 10,307,553
  Batch min: 0.12
  Batch max: 53.38
  Sampling 7,949 pixels from batch...
  Sample size after final filter: 7,949

============================================================
Batch 494/1439: Processing 500 files...
  Concatenating batch arrays...
  Filtering NaN/Inf...
  Valid batch pixels: 18,666,475
  Batch min: 0.12
  Batch max: 46.81
  Sampling 7,949 pixels from batch...
  Sample size after final filter: 7,949

============================================================
Batch 495/1439: Processing 500 files...
  Concatenating batch arrays...
  Filtering NaN/Inf...
  Valid batch pixels: 213,610
  Batch min: 0.12
  Batch max: 11.52
  Sampling 7,949 pixels from batch...
  Sample size after final filter: 7,949

============================================================
Batch 496/1439: Processing 500 files...
  Concatenating batch arrays...
  Filtering NaN/Inf...
  Valid batch pixels: 45,069,150
  Batch min: 0.12
  Batch max: 72.94
  Sampling 7,949 pixels from batch...
  Sample size after final filter: 7,949

============================================================
Batch 497/1439: Processing 500 files...
  Concatenating batch arrays...
  Filtering NaN/Inf...
  Valid batch pixels: 21,050,357
  Batch min: 0.12
  Batch max: 61.22
  Sampling 7,949 pixels from batch...
  Sample size after final filter: 7,949

============================================================
Batch 498/1439: Processing 500 files...
  Concatenating batch arrays...
  Filtering NaN/Inf...
  Valid batch pixels: 1,627,266
  Batch min: 0.12
  Batch max: 7.44
  Sampling 7,949 pixels from batch...
  Sample size after final filter: 7,949

============================================================
Batch 499/1439: Processing 500 files...
  Concatenating batch arrays...
  Filtering NaN/Inf...
  Valid batch pixels: 2,545,471
  Batch min: 0.12
  Batch max: 15.48
  Sampling 7,949 pixels from batch...
  Sample size after final filter: 7,949

============================================================
Batch 500/1439: Processing 500 files...
  Concatenating batch arrays...
  Filtering NaN/Inf...
  Valid batch pixels: 3,397,031
  Batch min: 0.12
  Batch max: 56.38
  Sampling 7,949 pixels from batch...
  Sample size after final filter: 7,949

============================================================
Batch 501/1439: Processing 500 files...
  Concatenating batch arrays...
  Filtering NaN/Inf...
  Valid batch pixels: 7,377,740
  Batch min: 0.12
  Batch max: 25.92
  Sampling 7,949 pixels from batch...
  Sample size after final filter: 7,949

============================================================
Batch 502/1439: Processing 500 files...
  Concatenating batch arrays...
  Filtering NaN/Inf...
  Valid batch pixels: 19,768,486
  Batch min: 0.12
  Batch max: 30.00
  Sampling 7,949 pixels from batch...
  Sample size after final filter: 7,949

============================================================
Batch 503/1439: Processing 500 files...
  Concatenating batch arrays...
  Filtering NaN/Inf...
  Valid batch pixels: 11,357,738
  Batch min: 0.12
  Batch max: 16.08
  Sampling 7,949 pixels from batch...
  Sample size after final filter: 7,949

============================================================
Batch 504/1439: Processing 500 files...
  Concatenating batch arrays...
  Filtering NaN/Inf...
  Valid batch pixels: 29,271,964
  Batch min: 0.12
  Batch max: 41.88
  Sampling 7,949 pixels from batch...
  Sample size after final filter: 7,949

============================================================
Batch 505/1439: Processing 500 files...
  Concatenating batch arrays...
  Filtering NaN/Inf...
  Valid batch pixels: 26,714,300
  Batch min: 0.12
  Batch max: 100.62
  Sampling 7,949 pixels from batch...
  Sample size after final filter: 7,949

============================================================
Batch 506/1439: Processing 500 files...
  Concatenating batch arrays...
  Filtering NaN/Inf...
  Valid batch pixels: 35,070,293
  Batch min: 0.12
  Batch max: 28.31
  Sampling 7,949 pixels from batch...
  Sample size after final filter: 7,949

============================================================
Batch 507/1439: Processing 500 files...
  Concatenating batch arrays...
  Filtering NaN/Inf...
  Valid batch pixels: 42,496,112
  Batch min: 0.12
  Batch max: 75.94
  Sampling 7,949 pixels from batch...
  Sample size after final filter: 7,949

============================================================
Batch 508/1439: Processing 500 files...
  Concatenating batch arrays...
  Filtering NaN/Inf...
  Valid batch pixels: 33,631,499
  Batch min: 0.12
  Batch max: 41.53
  Sampling 7,949 pixels from batch...
  Sample size after final filter: 7,949

============================================================
Batch 509/1439: Processing 500 files...
  Concatenating batch arrays...
  Filtering NaN/Inf...
  Valid batch pixels: 20,266,544
  Batch min: 0.12
  Batch max: 81.62
  Sampling 7,949 pixels from batch...
  Sample size after final filter: 7,949

============================================================
Batch 510/1439: Processing 500 files...
  Concatenating batch arrays...
  Filtering NaN/Inf...
  Valid batch pixels: 31,013,013
  Batch min: 0.12
  Batch max: 62.38
  Sampling 7,949 pixels from batch...
  Sample size after final filter: 7,949

============================================================
Batch 511/1439: Processing 500 files...
  Concatenating batch arrays...
  Filtering NaN/Inf...
  Valid batch pixels: 8,596,625
  Batch min: 0.12
  Batch max: 32.38
  Sampling 7,949 pixels from batch...
  Sample size after final filter: 7,949

============================================================
Batch 512/1439: Processing 500 files...
  Concatenating batch arrays...
  Filtering NaN/Inf...
  Valid batch pixels: 6,425,209
  Batch min: 0.12
  Batch max: 30.00
  Sampling 7,949 pixels from batch...
  Sample size after final filter: 7,949

============================================================
Batch 513/1439: Processing 500 files...
  Concatenating batch arrays...
  Filtering NaN/Inf...
  Valid batch pixels: 21,252,856
  Batch min: 0.12
  Batch max: 53.38
  Sampling 7,949 pixels from batch...
  Sample size after final filter: 7,949

============================================================
Batch 514/1439: Processing 500 files...
  Concatenating batch arrays...
  Filtering NaN/Inf...
  Valid batch pixels: 373,277
  Batch min: 0.12
  Batch max: 12.96
  Sampling 7,949 pixels from batch...
  Sample size after final filter: 7,949

============================================================
Batch 515/1439: Processing 500 files...
  Concatenating batch arrays...
  Filtering NaN/Inf...
  Valid batch pixels: 3,233,455
  Batch min: 0.12
  Batch max: 18.12
  Sampling 7,949 pixels from batch...
  Sample size after final filter: 7,949

============================================================
Batch 516/1439: Processing 500 files...
  Concatenating batch arrays...
  Filtering NaN/Inf...
  Valid batch pixels: 34,868,342
  Batch min: 0.12
  Batch max: 62.31
  Sampling 7,949 pixels from batch...
  Sample size after final filter: 7,949

============================================================
Batch 517/1439: Processing 500 files...
  Concatenating batch arrays...
  Filtering NaN/Inf...
  Valid batch pixels: 51,047,317
  Batch min: 0.12
  Batch max: 77.12
  Sampling 7,949 pixels from batch...
  Sample size after final filter: 7,949

============================================================
Batch 518/1439: Processing 500 files...
  Concatenating batch arrays...
  Filtering NaN/Inf...
  Valid batch pixels: 33,075,490
  Batch min: 0.12
  Batch max: 54.00
  Sampling 7,949 pixels from batch...
  Sample size after final filter: 7,949

============================================================
Batch 519/1439: Processing 500 files...
  Concatenating batch arrays...
  Filtering NaN/Inf...
  Valid batch pixels: 20,357,495
  Batch min: 0.12
  Batch max: 117.56
  Sampling 7,949 pixels from batch...
  Sample size after final filter: 7,949

============================================================
Batch 520/1439: Processing 500 files...
  Concatenating batch arrays...
  Filtering NaN/Inf...
  Valid batch pixels: 29,138,241
  Batch min: 0.12
  Batch max: 124.12
  Sampling 7,949 pixels from batch...
  Sample size after final filter: 7,949

============================================================
Batch 521/1439: Processing 500 files...
  Concatenating batch arrays...
  Filtering NaN/Inf...
  Valid batch pixels: 18,410,980
  Batch min: 0.12
  Batch max: 222.75
  Sampling 7,949 pixels from batch...
  Sample size after final filter: 7,949

============================================================
Batch 522/1439: Processing 500 files...
  Concatenating batch arrays...
  Filtering NaN/Inf...
  Valid batch pixels: 25,371
  Batch min: 0.12
  Batch max: 10.80
  Sampling 7,949 pixels from batch...
  Sample size after final filter: 7,949

============================================================
Batch 523/1439: Processing 500 files...
  Concatenating batch arrays...
  Filtering NaN/Inf...
  Valid batch pixels: 893,608
  Batch min: 0.12
  Batch max: 93.25
  Sampling 7,949 pixels from batch...
  Sample size after final filter: 7,949

============================================================
Batch 524/1439: Processing 500 files...
  Concatenating batch arrays...
  Filtering NaN/Inf...
  Valid batch pixels: 11,599,111
  Batch min: 0.12
  Batch max: 257.25
  Sampling 7,949 pixels from batch...
  Sample size after final filter: 7,949

============================================================
Batch 525/1439: Processing 500 files...
  Concatenating batch arrays...
  Filtering NaN/Inf...
  Valid batch pixels: 4,289,254
  Batch min: 0.12
  Batch max: 135.75
  Sampling 7,949 pixels from batch...
  Sample size after final filter: 7,949

============================================================
Batch 526/1439: Processing 500 files...
  Concatenating batch arrays...
  Filtering NaN/Inf...
  Valid batch pixels: 31,325,394
  Batch min: 0.12
  Batch max: 429.50
  Sampling 7,949 pixels from batch...
  Sample size after final filter: 7,949

============================================================
Batch 527/1439: Processing 500 files...
  Concatenating batch arrays...
  Filtering NaN/Inf...
  Valid batch pixels: 32,478,709
  Batch min: 0.12
  Batch max: 94.56
  Sampling 7,949 pixels from batch...
  Sample size after final filter: 7,949

============================================================
Batch 528/1439: Processing 500 files...
  Concatenating batch arrays...
  Filtering NaN/Inf...
  Valid batch pixels: 4,351,429
  Batch min: 0.12
  Batch max: 145.62
  Sampling 7,949 pixels from batch...
  Sample size after final filter: 7,949

============================================================
Batch 529/1439: Processing 500 files...
  Concatenating batch arrays...
  Filtering NaN/Inf...
  Valid batch pixels: 647,980
  Batch min: 0.12
  Batch max: 14.41
  Sampling 7,949 pixels from batch...
  Sample size after final filter: 7,949

============================================================
Batch 530/1439: Processing 500 files...
  Concatenating batch arrays...
  Filtering NaN/Inf...
  Valid batch pixels: 15,934
  Batch min: 0.12
  Batch max: 3.36
  Sampling 7,949 pixels from batch...
  Sample size after final filter: 7,949

============================================================
Batch 531/1439: Processing 500 files...
  Concatenating batch arrays...
  Filtering NaN/Inf...
  Valid batch pixels: 7,096,153
  Batch min: 0.12
  Batch max: 203.75
  Sampling 7,949 pixels from batch...
  Sample size after final filter: 7,949

============================================================
Batch 532/1439: Processing 500 files...
  Concatenating batch arrays...
  Filtering NaN/Inf...
  Valid batch pixels: 16,353,253
  Batch min: 0.12
  Batch max: 187.75
  Sampling 7,949 pixels from batch...
  Sample size after final filter: 7,949

============================================================
Batch 533/1439: Processing 500 files...
  Concatenating batch arrays...
  Filtering NaN/Inf...
  Valid batch pixels: 13,786,518
  Batch min: 0.12
  Batch max: 147.50
  Sampling 7,949 pixels from batch...
  Sample size after final filter: 7,949

============================================================
Batch 534/1439: Processing 500 files...
  Concatenating batch arrays...
  Filtering NaN/Inf...
  Valid batch pixels: 3,328,550
  Batch min: 0.12
  Batch max: 33.72
  Sampling 7,949 pixels from batch...
  Sample size after final filter: 7,949

============================================================
Batch 535/1439: Processing 500 files...
  Concatenating batch arrays...
  Filtering NaN/Inf...
  Valid batch pixels: 15,035,232
  Batch min: 0.12
  Batch max: 262.50
  Sampling 7,949 pixels from batch...
  Sample size after final filter: 7,949

============================================================
Batch 536/1439: Processing 500 files...
  Concatenating batch arrays...
  Filtering NaN/Inf...
  Valid batch pixels: 11,936,828
  Batch min: 0.12
  Batch max: 193.88
  Sampling 7,949 pixels from batch...
  Sample size after final filter: 7,949

============================================================
Batch 537/1439: Processing 500 files...
  Concatenating batch arrays...
  Filtering NaN/Inf...
  Valid batch pixels: 6,583,520
  Batch min: 0.12
  Batch max: 167.75
  Sampling 7,949 pixels from batch...
  Sample size after final filter: 7,949

============================================================
Batch 538/1439: Processing 500 files...
  Concatenating batch arrays...
  Filtering NaN/Inf...
  Valid batch pixels: 476,826
  Batch min: 0.12
  Batch max: 60.62
  Sampling 7,949 pixels from batch...
  Sample size after final filter: 7,949

============================================================
Batch 539/1439: Processing 500 files...
  Concatenating batch arrays...
  Filtering NaN/Inf...
  Valid batch pixels: 125,342
  Batch min: 0.12
  Batch max: 62.31
  Sampling 7,949 pixels from batch...
  Sample size after final filter: 7,949

============================================================
Batch 540/1439: Processing 500 files...
  Concatenating batch arrays...
  Filtering NaN/Inf...
  Valid batch pixels: 577,079
  Batch min: 0.12
  Batch max: 105.38
  Sampling 7,949 pixels from batch...
  Sample size after final filter: 7,949

============================================================
Batch 541/1439: Processing 500 files...
  Concatenating batch arrays...
  Filtering NaN/Inf...
  Valid batch pixels: 16,532,872
  Batch min: 0.12
  Batch max: 253.50
  Sampling 7,949 pixels from batch...
  Sample size after final filter: 7,949

============================================================
Batch 542/1439: Processing 500 files...
  Concatenating batch arrays...
  Filtering NaN/Inf...
  Valid batch pixels: 1,708,707
  Batch min: 0.12
  Batch max: 149.12
  Sampling 7,949 pixels from batch...
  Sample size after final filter: 7,949

============================================================
Batch 543/1439: Processing 500 files...
  Concatenating batch arrays...
  Filtering NaN/Inf...
  Valid batch pixels: 15,929,125
  Batch min: 0.12
  Batch max: 253.75
  Sampling 7,949 pixels from batch...
  Sample size after final filter: 7,949

============================================================
Batch 544/1439: Processing 500 files...
  Concatenating batch arrays...
  Filtering NaN/Inf...
  Valid batch pixels: 22,494,823
  Batch min: 0.12
  Batch max: 273.00
  Sampling 7,949 pixels from batch...
  Sample size after final filter: 7,949

============================================================
Batch 545/1439: Processing 500 files...
  Concatenating batch arrays...
  Filtering NaN/Inf...
  Valid batch pixels: 24,531,438
  Batch min: 0.12
  Batch max: 218.25
  Sampling 7,949 pixels from batch...
  Sample size after final filter: 7,949

============================================================
Batch 546/1439: Processing 500 files...
  Concatenating batch arrays...
  Filtering NaN/Inf...
  Valid batch pixels: 2,714,356
  Batch min: 0.12
  Batch max: 290.50
  Sampling 7,949 pixels from batch...
  Sample size after final filter: 7,949

============================================================
Batch 547/1439: Processing 500 files...
  Concatenating batch arrays...
  Filtering NaN/Inf...
  Valid batch pixels: 10,538,149
  Batch min: 0.12
  Batch max: 192.00
  Sampling 7,949 pixels from batch...
  Sample size after final filter: 7,949

============================================================
Batch 548/1439: Processing 500 files...
  Concatenating batch arrays...
  Filtering NaN/Inf...
  Valid batch pixels: 9,767,354
  Batch min: 0.12
  Batch max: 241.75
  Sampling 7,949 pixels from batch...
  Sample size after final filter: 7,949

============================================================
Batch 549/1439: Processing 500 files...
  Concatenating batch arrays...
  Filtering NaN/Inf...
  Valid batch pixels: 23,369,515
  Batch min: 0.12
  Batch max: 258.75
  Sampling 7,949 pixels from batch...
  Sample size after final filter: 7,949

============================================================
Batch 550/1439: Processing 500 files...
  Concatenating batch arrays...
  Filtering NaN/Inf...
  Valid batch pixels: 3,652,617
  Batch min: 0.12
  Batch max: 201.75
  Sampling 7,949 pixels from batch...
  Sample size after final filter: 7,949

============================================================
Batch 551/1439: Processing 500 files...
  Concatenating batch arrays...
  Filtering NaN/Inf...
  Valid batch pixels: 8,675,669
  Batch min: 0.12
  Batch max: 284.25
  Sampling 7,949 pixels from batch...
  Sample size after final filter: 7,949

============================================================
Batch 552/1439: Processing 500 files...
  Concatenating batch arrays...
  Filtering NaN/Inf...
  Valid batch pixels: 10,167,930
  Batch min: 0.12
  Batch max: 356.00
  Sampling 7,949 pixels from batch...
  Sample size after final filter: 7,949

============================================================
Batch 553/1439: Processing 500 files...
  Concatenating batch arrays...
  Filtering NaN/Inf...
  Valid batch pixels: 16,063,256
  Batch min: 0.12
  Batch max: 490.50
  Sampling 7,949 pixels from batch...
  Sample size after final filter: 7,949

============================================================
Batch 554/1439: Processing 500 files...
  Concatenating batch arrays...
  Filtering NaN/Inf...
  Valid batch pixels: 13,578,112
  Batch min: 0.12
  Batch max: 268.00
  Sampling 7,949 pixels from batch...
  Sample size after final filter: 7,949

============================================================
Batch 555/1439: Processing 500 files...
  Concatenating batch arrays...
  Filtering NaN/Inf...
  Valid batch pixels: 1,682,558
  Batch min: 0.12
  Batch max: 210.00
  Sampling 7,949 pixels from batch...
  Sample size after final filter: 7,949

============================================================
Batch 556/1439: Processing 500 files...
  Concatenating batch arrays...
  Filtering NaN/Inf...
  Valid batch pixels: 2,248,359
  Batch min: 0.12
  Batch max: 223.75
  Sampling 7,949 pixels from batch...
  Sample size after final filter: 7,949

============================================================
Batch 557/1439: Processing 500 files...
  Concatenating batch arrays...
  Filtering NaN/Inf...
  Valid batch pixels: 11,948,084
  Batch min: 0.12
  Batch max: 314.00
  Sampling 7,949 pixels from batch...
  Sample size after final filter: 7,949

============================================================
Batch 558/1439: Processing 500 files...
  Concatenating batch arrays...
  Filtering NaN/Inf...
  Valid batch pixels: 13,509,800
  Batch min: 0.12
  Batch max: 332.50
  Sampling 7,949 pixels from batch...
  Sample size after final filter: 7,949

============================================================
Batch 559/1439: Processing 500 files...
  Concatenating batch arrays...
  Filtering NaN/Inf...
  Valid batch pixels: 14,275,829
  Batch min: 0.12
  Batch max: 392.00
  Sampling 7,949 pixels from batch...
  Sample size after final filter: 7,949

============================================================
Batch 560/1439: Processing 500 files...
  Concatenating batch arrays...
  Filtering NaN/Inf...
  Valid batch pixels: 31,030,220
  Batch min: 0.12
  Batch max: 272.00
  Sampling 7,949 pixels from batch...
  Sample size after final filter: 7,949

============================================================
Batch 561/1439: Processing 500 files...
  Concatenating batch arrays...
  Filtering NaN/Inf...
  Valid batch pixels: 9,178,690
  Batch min: 0.12
  Batch max: 58.78
  Sampling 7,949 pixels from batch...
  Sample size after final filter: 7,949

============================================================
Batch 562/1439: Processing 500 files...
  Concatenating batch arrays...
  Filtering NaN/Inf...
  Valid batch pixels: 1,253,124
  Batch min: 0.12
  Batch max: 179.25
  Sampling 7,949 pixels from batch...
  Sample size after final filter: 7,949

============================================================
Batch 563/1439: Processing 500 files...
  Concatenating batch arrays...
  Filtering NaN/Inf...
  Valid batch pixels: 6,236,897
  Batch min: 0.12
  Batch max: 229.50
  Sampling 7,949 pixels from batch...
  Sample size after final filter: 7,949

============================================================
Batch 564/1439: Processing 500 files...
  Concatenating batch arrays...
  Filtering NaN/Inf...
  Valid batch pixels: 585,730
  Batch min: 0.12
  Batch max: 60.38
  Sampling 7,949 pixels from batch...
  Sample size after final filter: 7,949

============================================================
Batch 565/1439: Processing 500 files...
  Concatenating batch arrays...
  Filtering NaN/Inf...
  Valid batch pixels: 11,063,487
  Batch min: 0.12
  Batch max: 201.25
  Sampling 7,949 pixels from batch...
  Sample size after final filter: 7,949

============================================================
Batch 566/1439: Processing 500 files...
  Concatenating batch arrays...
  Filtering NaN/Inf...
  Valid batch pixels: 9,562,725
  Batch min: 0.12
  Batch max: 89.31
  Sampling 7,949 pixels from batch...
  Sample size after final filter: 7,949

============================================================
Batch 567/1439: Processing 500 files...
  Concatenating batch arrays...
  Filtering NaN/Inf...
  Valid batch pixels: 8,680,837
  Batch min: 0.12
  Batch max: 81.62
  Sampling 7,949 pixels from batch...
  Sample size after final filter: 7,949

============================================================
Batch 568/1439: Processing 500 files...
  Concatenating batch arrays...
  Filtering NaN/Inf...
  Valid batch pixels: 1,011,333
  Batch min: 0.12
  Batch max: 78.38
  Sampling 7,949 pixels from batch...
  Sample size after final filter: 7,949

============================================================
Batch 569/1439: Processing 500 files...
  Concatenating batch arrays...
  Filtering NaN/Inf...
  Valid batch pixels: 16,161,507
  Batch min: 0.12
  Batch max: 163.88
  Sampling 7,949 pixels from batch...
  Sample size after final filter: 7,949

============================================================
Batch 570/1439: Processing 500 files...
  Concatenating batch arrays...
  Filtering NaN/Inf...
  Valid batch pixels: 1,059,136
  Batch min: 0.12
  Batch max: 99.38
  Sampling 7,949 pixels from batch...
  Sample size after final filter: 7,949

============================================================
Batch 571/1439: Processing 500 files...
  Concatenating batch arrays...
  Filtering NaN/Inf...
  Valid batch pixels: 168,748
  Batch min: 0.12
  Batch max: 182.62
  Sampling 7,949 pixels from batch...
  Sample size after final filter: 7,949

============================================================
Batch 572/1439: Processing 500 files...
  Concatenating batch arrays...
  Filtering NaN/Inf...
  Valid batch pixels: 4,280,901
  Batch min: 0.12
  Batch max: 278.50
  Sampling 7,949 pixels from batch...
  Sample size after final filter: 7,949

============================================================
Batch 573/1439: Processing 500 files...
  Concatenating batch arrays...
  Filtering NaN/Inf...
  Valid batch pixels: 23,543,207
  Batch min: 0.12
  Batch max: 302.25
  Sampling 7,949 pixels from batch...
  Sample size after final filter: 7,949

============================================================
Batch 574/1439: Processing 500 files...
  Concatenating batch arrays...
  Filtering NaN/Inf...
  Valid batch pixels: 5,617,070
  Batch min: 0.12
  Batch max: 221.25
  Sampling 7,949 pixels from batch...
  Sample size after final filter: 7,949

============================================================
Batch 575/1439: Processing 500 files...
  Concatenating batch arrays...
  Filtering NaN/Inf...
  Valid batch pixels: 450,410
  Batch min: 0.12
  Batch max: 58.56
  Sampling 7,949 pixels from batch...
  Sample size after final filter: 7,949

============================================================
Batch 576/1439: Processing 500 files...
  Concatenating batch arrays...
  Filtering NaN/Inf...
  Valid batch pixels: 24,419,526
  Batch min: 0.12
  Batch max: 215.50
  Sampling 7,949 pixels from batch...
  Sample size after final filter: 7,949

============================================================
Batch 577/1439: Processing 500 files...
  Concatenating batch arrays...
  Filtering NaN/Inf...
  Valid batch pixels: 14,350,808
  Batch min: 0.12
  Batch max: 155.50
  Sampling 7,949 pixels from batch...
  Sample size after final filter: 7,949

============================================================
Batch 578/1439: Processing 500 files...
  Concatenating batch arrays...
  Filtering NaN/Inf...
  Valid batch pixels: 2,343,399
  Batch min: 0.12
  Batch max: 164.75
  Sampling 7,949 pixels from batch...
  Sample size after final filter: 7,949

============================================================
Batch 579/1439: Processing 500 files...
  Concatenating batch arrays...
  Filtering NaN/Inf...
  Valid batch pixels: 8,894,645
  Batch min: 0.12
  Batch max: 344.00
  Sampling 7,949 pixels from batch...
  Sample size after final filter: 7,949

============================================================
Batch 580/1439: Processing 500 files...
  Concatenating batch arrays...
  Filtering NaN/Inf...
  Valid batch pixels: 9,583,311
  Batch min: 0.12
  Batch max: 235.75
  Sampling 7,949 pixels from batch...
  Sample size after final filter: 7,949

============================================================
Batch 581/1439: Processing 500 files...
  Concatenating batch arrays...
  Filtering NaN/Inf...
  Valid batch pixels: 893,903
  Batch min: 0.12
  Batch max: 55.44
  Sampling 7,949 pixels from batch...
  Sample size after final filter: 7,949

============================================================
Batch 582/1439: Processing 500 files...
  Concatenating batch arrays...
  Filtering NaN/Inf...
  Valid batch pixels: 26,073,154
  Batch min: 0.12
  Batch max: 194.25
  Sampling 7,949 pixels from batch...
  Sample size after final filter: 7,949

============================================================
Batch 583/1439: Processing 500 files...
  Concatenating batch arrays...
  Filtering NaN/Inf...
  Valid batch pixels: 12,724,553
  Batch min: 0.12
  Batch max: 224.50
  Sampling 7,949 pixels from batch...
  Sample size after final filter: 7,949

============================================================
Batch 584/1439: Processing 500 files...
  Concatenating batch arrays...
  Filtering NaN/Inf...
  Valid batch pixels: 574,572
  Batch min: 0.12
  Batch max: 210.38
  Sampling 7,949 pixels from batch...
  Sample size after final filter: 7,949

============================================================
Batch 585/1439: Processing 500 files...
  Concatenating batch arrays...
  Filtering NaN/Inf...
  Valid batch pixels: 1,817,048
  Batch min: 0.12
  Batch max: 253.25
  Sampling 7,949 pixels from batch...
  Sample size after final filter: 7,949

============================================================
Batch 586/1439: Processing 500 files...
  Concatenating batch arrays...
  Filtering NaN/Inf...
  Valid batch pixels: 12,468,208
  Batch min: 0.12
  Batch max: 488.25
  Sampling 7,949 pixels from batch...
  Sample size after final filter: 7,949

============================================================
Batch 587/1439: Processing 500 files...
  Concatenating batch arrays...
  Filtering NaN/Inf...
  Valid batch pixels: 1,719,382
  Batch min: 0.12
  Batch max: 97.69
  Sampling 7,949 pixels from batch...
  Sample size after final filter: 7,949

============================================================
Batch 588/1439: Processing 500 files...
  Concatenating batch arrays...
  Filtering NaN/Inf...
  Valid batch pixels: 3,273,254
  Batch min: 0.12
  Batch max: 154.75
  Sampling 7,949 pixels from batch...
  Sample size after final filter: 7,949

============================================================
Batch 589/1439: Processing 500 files...
  Concatenating batch arrays...
  Filtering NaN/Inf...
  Valid batch pixels: 7,620,360
  Batch min: 0.12
  Batch max: 219.75
  Sampling 7,949 pixels from batch...
  Sample size after final filter: 7,949

============================================================
Batch 590/1439: Processing 500 files...
  Concatenating batch arrays...
  Filtering NaN/Inf...
  Valid batch pixels: 1,753,696
  Batch min: 0.12
  Batch max: 275.00
  Sampling 7,949 pixels from batch...
  Sample size after final filter: 7,949

============================================================
Batch 591/1439: Processing 500 files...
  Concatenating batch arrays...
  Filtering NaN/Inf...
  Valid batch pixels: 1,813,304
  Batch min: 0.12
  Batch max: 253.00
  Sampling 7,949 pixels from batch...
  Sample size after final filter: 7,949

============================================================
Batch 592/1439: Processing 500 files...
  Concatenating batch arrays...
  Filtering NaN/Inf...
  Valid batch pixels: 6,120,278
  Batch min: 0.12
  Batch max: 356.00
  Sampling 7,949 pixels from batch...
  Sample size after final filter: 7,949

============================================================
Batch 593/1439: Processing 500 files...
  Concatenating batch arrays...
  Filtering NaN/Inf...
  Valid batch pixels: 14,903,156
  Batch min: 0.12
  Batch max: 482.25
  Sampling 7,949 pixels from batch...
  Sample size after final filter: 7,949

============================================================
Batch 594/1439: Processing 500 files...
  Concatenating batch arrays...
  Filtering NaN/Inf...
  Valid batch pixels: 9,715,138
  Batch min: 0.12
  Batch max: 125.06
  Sampling 7,949 pixels from batch...
  Sample size after final filter: 7,949

============================================================
Batch 595/1439: Processing 500 files...
  Concatenating batch arrays...
  Filtering NaN/Inf...
  Valid batch pixels: 21,573,183
  Batch min: 0.12
  Batch max: 257.50
  Sampling 7,949 pixels from batch...
  Sample size after final filter: 7,949

============================================================
Batch 596/1439: Processing 500 files...
  Concatenating batch arrays...
  Filtering NaN/Inf...
  Valid batch pixels: 9,749,257
  Batch min: 0.12
  Batch max: 175.25
  Sampling 7,949 pixels from batch...
  Sample size after final filter: 7,949

============================================================
Batch 597/1439: Processing 500 files...
  Concatenating batch arrays...
  Filtering NaN/Inf...
  Valid batch pixels: 1,408,940
  Batch min: 0.12
  Batch max: 243.50
  Sampling 7,949 pixels from batch...
  Sample size after final filter: 7,949

============================================================
Batch 598/1439: Processing 500 files...
  Concatenating batch arrays...
  Filtering NaN/Inf...
  Valid batch pixels: 5,713,266
  Batch min: 0.12
  Batch max: 285.50
  Sampling 7,949 pixels from batch...
  Sample size after final filter: 7,949

============================================================
Batch 599/1439: Processing 500 files...
  Concatenating batch arrays...
  Filtering NaN/Inf...
  Valid batch pixels: 684,735
  Batch min: 0.12
  Batch max: 180.00
  Sampling 7,949 pixels from batch...
  Sample size after final filter: 7,949

============================================================
Batch 600/1439: Processing 500 files...
  Concatenating batch arrays...
  Filtering NaN/Inf...
  Valid batch pixels: 583,372
  Batch min: 0.12
  Batch max: 93.88
  Sampling 7,949 pixels from batch...
  Sample size after final filter: 7,949

============================================================
Batch 601/1439: Processing 500 files...
  Concatenating batch arrays...
  Filtering NaN/Inf...
  Valid batch pixels: 10,048,124
  Batch min: 0.12
  Batch max: 235.25
  Sampling 7,949 pixels from batch...
  Sample size after final filter: 7,949

============================================================
Batch 602/1439: Processing 500 files...
  Concatenating batch arrays...
  Filtering NaN/Inf...
  Valid batch pixels: 32,930,155
  Batch min: 0.12
  Batch max: 327.50
  Sampling 7,949 pixels from batch...
  Sample size after final filter: 7,949

============================================================
Batch 603/1439: Processing 500 files...
  Concatenating batch arrays...
  Filtering NaN/Inf...
  Valid batch pixels: 11,083,528
  Batch min: 0.12
  Batch max: 244.75
  Sampling 7,949 pixels from batch...
  Sample size after final filter: 7,949

============================================================
Batch 604/1439: Processing 500 files...
  Concatenating batch arrays...
  Filtering NaN/Inf...
  Valid batch pixels: 1,062,312
  Batch min: 0.12
  Batch max: 65.31
  Sampling 7,949 pixels from batch...
  Sample size after final filter: 7,949

============================================================
Batch 605/1439: Processing 500 files...
  Concatenating batch arrays...
  Filtering NaN/Inf...
  Valid batch pixels: 27,841,902
  Batch min: 0.12
  Batch max: 271.25
  Sampling 7,949 pixels from batch...
  Sample size after final filter: 7,949

============================================================
Batch 606/1439: Processing 500 files...
  Concatenating batch arrays...
  Filtering NaN/Inf...
  Valid batch pixels: 29,157,001
  Batch min: 0.12
  Batch max: 112.62
  Sampling 7,949 pixels from batch...
  Sample size after final filter: 7,949

============================================================
Batch 607/1439: Processing 500 files...
  Concatenating batch arrays...
  Filtering NaN/Inf...
  Valid batch pixels: 13,650,565
  Batch min: 0.12
  Batch max: 105.25
  Sampling 7,949 pixels from batch...
  Sample size after final filter: 7,949

============================================================
Batch 608/1439: Processing 500 files...
  Concatenating batch arrays...
  Filtering NaN/Inf...
  Valid batch pixels: 4,876,783
  Batch min: 0.12
  Batch max: 250.12
  Sampling 7,949 pixels from batch...
  Sample size after final filter: 7,949

============================================================
Batch 609/1439: Processing 500 files...
  Concatenating batch arrays...
  Filtering NaN/Inf...
  Valid batch pixels: 16,630,371
  Batch min: 0.12
  Batch max: 194.50
  Sampling 7,949 pixels from batch...
  Sample size after final filter: 7,949

============================================================
Batch 610/1439: Processing 500 files...
  Concatenating batch arrays...
  Filtering NaN/Inf...
  Valid batch pixels: 6,998,209
  Batch min: 0.12
  Batch max: 117.50
  Sampling 7,949 pixels from batch...
  Sample size after final filter: 7,949

============================================================
Batch 611/1439: Processing 500 files...
  Concatenating batch arrays...
  Filtering NaN/Inf...
  Valid batch pixels: 1,077,250
  Batch min: 0.12
  Batch max: 31.08
  Sampling 7,949 pixels from batch...
  Sample size after final filter: 7,949

============================================================
Batch 612/1439: Processing 500 files...
  Concatenating batch arrays...
  Filtering NaN/Inf...
  Valid batch pixels: 6,075,486
  Batch min: 0.12
  Batch max: 76.69
  Sampling 7,949 pixels from batch...
  Sample size after final filter: 7,949

============================================================
Batch 613/1439: Processing 500 files...
  Concatenating batch arrays...
  Filtering NaN/Inf...
  Valid batch pixels: 21,161,592
  Batch min: 0.12
  Batch max: 226.00
  Sampling 7,949 pixels from batch...
  Sample size after final filter: 7,949

============================================================
Batch 614/1439: Processing 500 files...
  Concatenating batch arrays...
  Filtering NaN/Inf...
  Valid batch pixels: 3,686,208
  Batch min: 0.12
  Batch max: 94.75
  Sampling 7,949 pixels from batch...
  Sample size after final filter: 7,949

============================================================
Batch 615/1439: Processing 500 files...
  Concatenating batch arrays...
  Filtering NaN/Inf...
  Valid batch pixels: 311,675
  Batch min: 0.12
  Batch max: 64.06
  Sampling 7,949 pixels from batch...
  Sample size after final filter: 7,949

============================================================
Batch 616/1439: Processing 500 files...
  Concatenating batch arrays...
  Filtering NaN/Inf...
  Valid batch pixels: 3,365,772
  Batch min: 0.12
  Batch max: 280.00
  Sampling 7,949 pixels from batch...
  Sample size after final filter: 7,949

============================================================
Batch 617/1439: Processing 500 files...
  Concatenating batch arrays...
  Filtering NaN/Inf...
  Valid batch pixels: 71,277
  Batch min: 0.12
  Batch max: 132.00
  Sampling 7,949 pixels from batch...
  Sample size after final filter: 7,949

============================================================
Batch 618/1439: Processing 500 files...
  Concatenating batch arrays...
  Filtering NaN/Inf...
  Valid batch pixels: 33,628,267
  Batch min: 0.12
  Batch max: 165.00
  Sampling 7,949 pixels from batch...
  Sample size after final filter: 7,949

============================================================
Batch 619/1439: Processing 500 files...
  Concatenating batch arrays...
  Filtering NaN/Inf...
  Valid batch pixels: 48,675,641
  Batch min: 0.12
  Batch max: 310.00
  Sampling 7,949 pixels from batch...
  Sample size after final filter: 7,949

============================================================
Batch 620/1439: Processing 500 files...
  Concatenating batch arrays...
  Filtering NaN/Inf...
  Valid batch pixels: 1,961,191
  Batch min: 0.12
  Batch max: 93.00
  Sampling 7,949 pixels from batch...
  Sample size after final filter: 7,949

============================================================
Batch 621/1439: Processing 500 files...
  Concatenating batch arrays...
  Filtering NaN/Inf...
  Valid batch pixels: 384,392
  Batch min: 0.12
  Batch max: 20.52
  Sampling 7,949 pixels from batch...
  Sample size after final filter: 7,949

============================================================
Batch 622/1439: Processing 500 files...
  Concatenating batch arrays...
  Filtering NaN/Inf...
  Valid batch pixels: 802,519
  Batch min: 0.12
  Batch max: 52.78
  Sampling 7,949 pixels from batch...
  Sample size after final filter: 7,949

============================================================
Batch 623/1439: Processing 500 files...
  Concatenating batch arrays...
  Filtering NaN/Inf...
  Valid batch pixels: 14,381,933
  Batch min: 0.12
  Batch max: 79.06
  Sampling 7,949 pixels from batch...
  Sample size after final filter: 7,949

============================================================
Batch 624/1439: Processing 500 files...
  Concatenating batch arrays...
  Filtering NaN/Inf...
  Valid batch pixels: 18,363,780
  Batch min: 0.12
  Batch max: 76.94
  Sampling 7,949 pixels from batch...
  Sample size after final filter: 7,949

============================================================
Batch 625/1439: Processing 500 files...
  Concatenating batch arrays...
  Filtering NaN/Inf...
  Valid batch pixels: 1,463,658
  Batch min: 0.12
  Batch max: 38.88
  Sampling 7,949 pixels from batch...
  Sample size after final filter: 7,949

============================================================
Batch 626/1439: Processing 500 files...
  Concatenating batch arrays...
  Filtering NaN/Inf...
  Valid batch pixels: 333,632
  Batch min: 0.12
  Batch max: 42.84
  Sampling 7,949 pixels from batch...
  Sample size after final filter: 7,949

============================================================
Batch 627/1439: Processing 500 files...
  Concatenating batch arrays...
  Filtering NaN/Inf...
  Valid batch pixels: 6,028,522
  Batch min: 0.12
  Batch max: 160.75
  Sampling 7,949 pixels from batch...
  Sample size after final filter: 7,949

============================================================
Batch 628/1439: Processing 500 files...
  Concatenating batch arrays...
  Filtering NaN/Inf...
  Valid batch pixels: 79,460
  Batch min: 0.12
  Batch max: 9.36
  Sampling 7,949 pixels from batch...
  Sample size after final filter: 7,949

============================================================
Batch 629/1439: Processing 500 files...
  Concatenating batch arrays...
  Filtering NaN/Inf...
  Valid batch pixels: 1,946,121
  Batch min: 0.12
  Batch max: 58.69
  Sampling 7,949 pixels from batch...
  Sample size after final filter: 7,949

============================================================
Batch 630/1439: Processing 500 files...
  Concatenating batch arrays...
  Filtering NaN/Inf...
  Valid batch pixels: 351,992
  Batch min: 0.12
  Batch max: 20.77
  Sampling 7,949 pixels from batch...
  Sample size after final filter: 7,949

============================================================
Batch 631/1439: Processing 500 files...
  Concatenating batch arrays...
  Filtering NaN/Inf...
  Valid batch pixels: 26,362
  Batch min: 0.12
  Batch max: 7.80
  Sampling 7,949 pixels from batch...
  Sample size after final filter: 7,949

============================================================
Batch 632/1439: Processing 500 files...
  Concatenating batch arrays...
  Filtering NaN/Inf...
  Valid batch pixels: 923,217
  Batch min: 0.12
  Batch max: 37.56
  Sampling 7,949 pixels from batch...
  Sample size after final filter: 7,949

============================================================
Batch 633/1439: Processing 500 files...
  Concatenating batch arrays...
  Filtering NaN/Inf...
  Valid batch pixels: 88,126
  Batch min: 0.12
  Batch max: 20.16
  Sampling 7,949 pixels from batch...
  Sample size after final filter: 7,949

============================================================
Batch 634/1439: Processing 500 files...
  Concatenating batch arrays...
  Filtering NaN/Inf...
  Valid batch pixels: 136,596
  Batch min: 0.12
  Batch max: 9.59
  Sampling 7,949 pixels from batch...
  Sample size after final filter: 7,949

============================================================
Batch 635/1439: Processing 500 files...
  Concatenating batch arrays...
  Filtering NaN/Inf...
  Valid batch pixels: 1,885,026
  Batch min: 0.12
  Batch max: 37.31
  Sampling 7,949 pixels from batch...
  Sample size after final filter: 7,949

============================================================
Batch 636/1439: Processing 500 files...
  Concatenating batch arrays...
  Filtering NaN/Inf...
  Valid batch pixels: 18,245,344
  Batch min: 0.12
  Batch max: 76.75
  Sampling 7,949 pixels from batch...
  Sample size after final filter: 7,949

============================================================
Batch 637/1439: Processing 500 files...
  Concatenating batch arrays...
  Filtering NaN/Inf...
  Valid batch pixels: 6,178,749
  Batch min: 0.12
  Batch max: 90.00
  Sampling 7,949 pixels from batch...
  Sample size after final filter: 7,949

============================================================
Batch 638/1439: Processing 500 files...
  Concatenating batch arrays...
  Filtering NaN/Inf...
  Valid batch pixels: 27,364,453
  Batch min: 0.12
  Batch max: 79.94
  Sampling 7,949 pixels from batch...
  Sample size after final filter: 7,949

============================================================
Batch 639/1439: Processing 500 files...
  Concatenating batch arrays...
  Filtering NaN/Inf...
  Valid batch pixels: 42,776,000
  Batch min: 0.12
  Batch max: 94.31
  Sampling 7,949 pixels from batch...
  Sample size after final filter: 7,949

============================================================
Batch 640/1439: Processing 500 files...
  Concatenating batch arrays...
  Filtering NaN/Inf...
  Valid batch pixels: 31,961,536
  Batch min: 0.12
  Batch max: 55.22
  Sampling 7,949 pixels from batch...
  Sample size after final filter: 7,949

============================================================
Batch 641/1439: Processing 500 files...
  Concatenating batch arrays...
  Filtering NaN/Inf...
  Valid batch pixels: 9,918,217
  Batch min: 0.12
  Batch max: 37.44
  Sampling 7,949 pixels from batch...
  Sample size after final filter: 7,949

============================================================
Batch 642/1439: Processing 500 files...
  Concatenating batch arrays...
  Filtering NaN/Inf...
  Valid batch pixels: 6,347,307
  Batch min: 0.12
  Batch max: 28.31
  Sampling 7,949 pixels from batch...
  Sample size after final filter: 7,949

============================================================
Batch 643/1439: Processing 500 files...
  Concatenating batch arrays...
  Filtering NaN/Inf...
  Valid batch pixels: 22,796
  Batch min: 0.12
  Batch max: 7.44
  Sampling 7,949 pixels from batch...
  Sample size after final filter: 7,949

============================================================
Batch 644/1439: Processing 500 files...
  Concatenating batch arrays...
  Filtering NaN/Inf...
  Valid batch pixels: 170,754
  Batch min: 0.12
  Batch max: 22.33
  Sampling 7,949 pixels from batch...
  Sample size after final filter: 7,949

============================================================
Batch 645/1439: Processing 500 files...
  Concatenating batch arrays...
  Filtering NaN/Inf...
  Valid batch pixels: 9,265,706
  Batch min: 0.12
  Batch max: 24.97
  Sampling 7,949 pixels from batch...
  Sample size after final filter: 7,949

============================================================
Batch 646/1439: Processing 500 files...
  Concatenating batch arrays...
  Filtering NaN/Inf...
  Valid batch pixels: 12,968,621
  Batch min: 0.12
  Batch max: 52.56
  Sampling 7,949 pixels from batch...
  Sample size after final filter: 7,949

============================================================
Batch 647/1439: Processing 500 files...
  Concatenating batch arrays...
  Filtering NaN/Inf...
  Valid batch pixels: 36,179,330
  Batch min: 0.12
  Batch max: 82.56
  Sampling 7,949 pixels from batch...
  Sample size after final filter: 7,949

============================================================
Batch 648/1439: Processing 500 files...
  Concatenating batch arrays...
  Filtering NaN/Inf...
  Valid batch pixels: 27,341,786
  Batch min: 0.12
  Batch max: 101.50
  Sampling 7,949 pixels from batch...
  Sample size after final filter: 7,949

============================================================
Batch 649/1439: Processing 500 files...
  Concatenating batch arrays...
  Filtering NaN/Inf...
  Valid batch pixels: 668,191
  Batch min: 0.12
  Batch max: 11.28
  Sampling 7,949 pixels from batch...
  Sample size after final filter: 7,949

============================================================
Batch 650/1439: Processing 500 files...
  Concatenating batch arrays...
  Filtering NaN/Inf...
  Valid batch pixels: 7,779
  Batch min: 0.12
  Batch max: 2.28
  Sample size after final filter: 7,779

============================================================
Batch 651/1439: Processing 500 files...
  Concatenating batch arrays...
  Filtering NaN/Inf...
  Valid batch pixels: 4,456,239
  Batch min: 0.12
  Batch max: 62.53
  Sampling 7,949 pixels from batch...
  Sample size after final filter: 7,949

============================================================
Batch 652/1439: Processing 500 files...
  Concatenating batch arrays...
  Filtering NaN/Inf...
  Valid batch pixels: 9,930,960
  Batch min: 0.12
  Batch max: 55.44
  Sampling 7,949 pixels from batch...
  Sample size after final filter: 7,949

============================================================
Batch 653/1439: Processing 500 files...
  Concatenating batch arrays...
  Filtering NaN/Inf...
  Valid batch pixels: 1,811,368
  Batch min: 0.12
  Batch max: 13.67
  Sampling 7,949 pixels from batch...
  Sample size after final filter: 7,949

============================================================
Batch 654/1439: Processing 500 files...
  Concatenating batch arrays...
  Filtering NaN/Inf...
  Valid batch pixels: 15,013,159
  Batch min: 0.12
  Batch max: 24.61
  Sampling 7,949 pixels from batch...
  Sample size after final filter: 7,949

============================================================
Batch 655/1439: Processing 500 files...
  Concatenating batch arrays...
  Filtering NaN/Inf...
  Valid batch pixels: 10,215,296
  Batch min: 0.12
  Batch max: 53.62
  Sampling 7,949 pixels from batch...
  Sample size after final filter: 7,949

============================================================
Batch 656/1439: Processing 500 files...
  Concatenating batch arrays...
  Filtering NaN/Inf...
  Valid batch pixels: 18,737,835
  Batch min: 0.12
  Batch max: 33.62
  Sampling 7,949 pixels from batch...
  Sample size after final filter: 7,949

============================================================
Batch 657/1439: Processing 500 files...
  Concatenating batch arrays...
  Filtering NaN/Inf...
  Valid batch pixels: 18,071,161
  Batch min: 0.12
  Batch max: 22.81
  Sampling 7,949 pixels from batch...
  Sample size after final filter: 7,949

============================================================
Batch 658/1439: Processing 500 files...
  Concatenating batch arrays...
  Filtering NaN/Inf...
  Valid batch pixels: 30,065,390
  Batch min: 0.12
  Batch max: 45.62
  Sampling 7,949 pixels from batch...
  Sample size after final filter: 7,949

============================================================
Batch 659/1439: Processing 500 files...
  Concatenating batch arrays...
  Filtering NaN/Inf...
  Valid batch pixels: 53,016,342
  Batch min: 0.12
  Batch max: 125.25
  Sampling 7,949 pixels from batch...
  Sample size after final filter: 7,949

============================================================
Batch 660/1439: Processing 500 files...
  Concatenating batch arrays...
  Filtering NaN/Inf...
  Valid batch pixels: 32,722,703
  Batch min: 0.12
  Batch max: 117.75
  Sampling 7,949 pixels from batch...
  Sample size after final filter: 7,949

============================================================
Batch 661/1439: Processing 500 files...
  Concatenating batch arrays...
  Filtering NaN/Inf...
  Valid batch pixels: 19,415,743
  Batch min: 0.12
  Batch max: 67.94
  Sampling 7,949 pixels from batch...
  Sample size after final filter: 7,949

============================================================
Batch 662/1439: Processing 500 files...
  Concatenating batch arrays...
  Filtering NaN/Inf...
  Valid batch pixels: 42,258,184
  Batch min: 0.12
  Batch max: 83.31
  Sampling 7,949 pixels from batch...
  Sample size after final filter: 7,949

============================================================
Batch 663/1439: Processing 500 files...
  Concatenating batch arrays...
  Filtering NaN/Inf...
  Valid batch pixels: 57,691,654
  Batch min: 0.12
  Batch max: 90.69
  Sampling 7,949 pixels from batch...
  Sample size after final filter: 7,949

============================================================
Batch 664/1439: Processing 500 files...
  Concatenating batch arrays...
  Filtering NaN/Inf...
  Valid batch pixels: 24,330,060
  Batch min: 0.12
  Batch max: 112.75
  Sampling 7,949 pixels from batch...
  Sample size after final filter: 7,949

============================================================
Batch 665/1439: Processing 500 files...
  Concatenating batch arrays...
  Filtering NaN/Inf...
  Valid batch pixels: 5,006,759
  Batch min: 0.12
  Batch max: 51.12
  Sampling 7,949 pixels from batch...
  Sample size after final filter: 7,949

============================================================
Batch 666/1439: Processing 500 files...
  Concatenating batch arrays...
  Filtering NaN/Inf...
  Valid batch pixels: 854,675
  Batch min: 0.12
  Batch max: 46.81
  Sampling 7,949 pixels from batch...
  Sample size after final filter: 7,949

============================================================
Batch 667/1439: Processing 500 files...
  Concatenating batch arrays...
  Filtering NaN/Inf...
  Valid batch pixels: 12,904,113
  Batch min: 0.12
  Batch max: 56.16
  Sampling 7,949 pixels from batch...
  Sample size after final filter: 7,949

============================================================
Batch 668/1439: Processing 500 files...
  Concatenating batch arrays...
  Filtering NaN/Inf...
  Valid batch pixels: 6,169,643
  Batch min: 0.12
  Batch max: 35.03
  Sampling 7,949 pixels from batch...
  Sample size after final filter: 7,949

============================================================
Batch 669/1439: Processing 500 files...
  Concatenating batch arrays...
  Filtering NaN/Inf...
  Valid batch pixels: 29,309,293
  Batch min: 0.12
  Batch max: 34.06
  Sampling 7,949 pixels from batch...
  Sample size after final filter: 7,949

============================================================
Batch 670/1439: Processing 500 files...
  Concatenating batch arrays...
  Filtering NaN/Inf...
  Valid batch pixels: 59,140,227
  Batch min: 0.12
  Batch max: 120.00
  Sampling 7,949 pixels from batch...
  Sample size after final filter: 7,949

============================================================
Batch 671/1439: Processing 500 files...
  Concatenating batch arrays...
  Filtering NaN/Inf...
  Valid batch pixels: 75,135,780
  Batch min: 0.12
  Batch max: 87.69
  Sampling 7,949 pixels from batch...
  Sample size after final filter: 7,949

============================================================
Batch 672/1439: Processing 500 files...
  Concatenating batch arrays...
  Filtering NaN/Inf...
  Valid batch pixels: 12,574,969
  Batch min: 0.12
  Batch max: 87.62
  Sampling 7,949 pixels from batch...
  Sample size after final filter: 7,949

============================================================
Batch 673/1439: Processing 500 files...
  Concatenating batch arrays...
  Filtering NaN/Inf...
  Valid batch pixels: 176,560
  Batch min: 0.12
  Batch max: 16.81
  Sampling 7,949 pixels from batch...
  Sample size after final filter: 7,949

============================================================
Batch 674/1439: Processing 500 files...
  Concatenating batch arrays...
  Filtering NaN/Inf...
  Valid batch pixels: 1,713,042
  Batch min: 0.12
  Batch max: 35.88
  Sampling 7,949 pixels from batch...
  Sample size after final filter: 7,949

============================================================
Batch 675/1439: Processing 500 files...
  Concatenating batch arrays...
  Filtering NaN/Inf...
  Valid batch pixels: 17,987,497
  Batch min: 0.12
  Batch max: 105.00
  Sampling 7,949 pixels from batch...
  Sample size after final filter: 7,949

============================================================
Batch 676/1439: Processing 500 files...
  Concatenating batch arrays...
  Filtering NaN/Inf...
  Valid batch pixels: 12,353,016
  Batch min: 0.12
  Batch max: 81.62
  Sampling 7,949 pixels from batch...
  Sample size after final filter: 7,949

============================================================
Batch 677/1439: Processing 500 files...
  Concatenating batch arrays...
  Filtering NaN/Inf...
  Valid batch pixels: 15,653,335
  Batch min: 0.12
  Batch max: 133.00
  Sampling 7,949 pixels from batch...
  Sample size after final filter: 7,949

============================================================
Batch 678/1439: Processing 500 files...
  Concatenating batch arrays...
  Filtering NaN/Inf...
  Valid batch pixels: 21,929,310
  Batch min: 0.12
  Batch max: 95.31
  Sampling 7,949 pixels from batch...
  Sample size after final filter: 7,949

============================================================
Batch 679/1439: Processing 500 files...
  Concatenating batch arrays...
  Filtering NaN/Inf...
  Valid batch pixels: 27,171,110
  Batch min: 0.12
  Batch max: 98.44
  Sampling 7,949 pixels from batch...
  Sample size after final filter: 7,949

============================================================
Batch 680/1439: Processing 500 files...
  Concatenating batch arrays...
  Filtering NaN/Inf...
  Valid batch pixels: 54,502,061
  Batch min: 0.12
  Batch max: 72.00
  Sampling 7,949 pixels from batch...
  Sample size after final filter: 7,949

============================================================
Batch 681/1439: Processing 500 files...
  Concatenating batch arrays...
  Filtering NaN/Inf...
  Valid batch pixels: 45,005,252
  Batch min: 0.12
  Batch max: 104.44
  Sampling 7,949 pixels from batch...
  Sample size after final filter: 7,949

============================================================
Batch 682/1439: Processing 500 files...
  Concatenating batch arrays...
  Filtering NaN/Inf...
  Valid batch pixels: 24,967,157
  Batch min: 0.12
  Batch max: 60.12
  Sampling 7,949 pixels from batch...
  Sample size after final filter: 7,949

============================================================
Batch 683/1439: Processing 500 files...
  Concatenating batch arrays...
  Filtering NaN/Inf...
  Valid batch pixels: 70,263,552
  Batch min: 0.12
  Batch max: 96.56
  Sampling 7,949 pixels from batch...
  Sample size after final filter: 7,949

============================================================
Batch 684/1439: Processing 500 files...
  Concatenating batch arrays...
  Filtering NaN/Inf...
  Valid batch pixels: 21,660,057
  Batch min: 0.12
  Batch max: 101.25
  Sampling 7,949 pixels from batch...
  Sample size after final filter: 7,949

============================================================
Batch 685/1439: Processing 500 files...
  Concatenating batch arrays...
  Filtering NaN/Inf...
  Valid batch pixels: 21,308,632
  Batch min: 0.12
  Batch max: 55.06
  Sampling 7,949 pixels from batch...
  Sample size after final filter: 7,949

============================================================
Batch 686/1439: Processing 500 files...
  Concatenating batch arrays...
  Filtering NaN/Inf...
  Valid batch pixels: 8,579,214
  Batch min: 0.12
  Batch max: 68.62
  Sampling 7,949 pixels from batch...
  Sample size after final filter: 7,949

============================================================
Batch 687/1439: Processing 500 files...
  Concatenating batch arrays...
  Filtering NaN/Inf...
  Valid batch pixels: 899,014
  Batch min: 0.12
  Batch max: 14.16
  Sampling 7,949 pixels from batch...
  Sample size after final filter: 7,949

============================================================
Batch 688/1439: Processing 500 files...
  Concatenating batch arrays...
  Filtering NaN/Inf...
  Valid batch pixels: 3,416,321
  Batch min: 0.12
  Batch max: 16.81
  Sampling 7,949 pixels from batch...
  Sample size after final filter: 7,949

============================================================
Batch 689/1439: Processing 500 files...
  Concatenating batch arrays...
  Filtering NaN/Inf...
  Valid batch pixels: 3,201,962
  Batch min: 0.12
  Batch max: 9.59
  Sampling 7,949 pixels from batch...
  Sample size after final filter: 7,949

============================================================
Batch 690/1439: Processing 500 files...
  Concatenating batch arrays...
  Filtering NaN/Inf...
  Valid batch pixels: 39,060,442
  Batch min: 0.12
  Batch max: 57.62
  Sampling 7,949 pixels from batch...
  Sample size after final filter: 7,949

============================================================
Batch 691/1439: Processing 500 files...
  Concatenating batch arrays...
  Filtering NaN/Inf...
  Valid batch pixels: 36,122,366
  Batch min: 0.12
  Batch max: 74.38
  Sampling 7,949 pixels from batch...
  Sample size after final filter: 7,949

============================================================
Batch 692/1439: Processing 500 files...
  Concatenating batch arrays...
  Filtering NaN/Inf...
  Valid batch pixels: 16,307,631
  Batch min: 0.12
  Batch max: 68.12
  Sampling 7,949 pixels from batch...
  Sample size after final filter: 7,949

============================================================
Batch 693/1439: Processing 500 files...
  Concatenating batch arrays...
  Filtering NaN/Inf...
  Valid batch pixels: 13,810,526
  Batch min: 0.12
  Batch max: 48.25
  Sampling 7,949 pixels from batch...
  Sample size after final filter: 7,949

============================================================
Batch 694/1439: Processing 500 files...
  Concatenating batch arrays...
  Filtering NaN/Inf...
  Valid batch pixels: 40,827,470
  Batch min: 0.12
  Batch max: 72.00
  Sampling 7,949 pixels from batch...
  Sample size after final filter: 7,949

============================================================
Batch 695/1439: Processing 500 files...
  Concatenating batch arrays...
  Filtering NaN/Inf...
  Valid batch pixels: 30,240,018
  Batch min: 0.12
  Batch max: 73.25
  Sampling 7,949 pixels from batch...
  Sample size after final filter: 7,949

============================================================
Batch 696/1439: Processing 500 files...
  Concatenating batch arrays...
  Filtering NaN/Inf...
  Valid batch pixels: 4,123,207
  Batch min: 0.12
  Batch max: 13.67
  Sampling 7,949 pixels from batch...
  Sample size after final filter: 7,949

============================================================
Batch 697/1439: Processing 500 files...
  Concatenating batch arrays...
  Filtering NaN/Inf...
  Valid batch pixels: 28,694,542
  Batch min: 0.12
  Batch max: 56.16
  Sampling 7,949 pixels from batch...
  Sample size after final filter: 7,949

============================================================
Batch 698/1439: Processing 500 files...
  Concatenating batch arrays...
  Filtering NaN/Inf...
  Valid batch pixels: 18,817,476
  Batch min: 0.12
  Batch max: 46.69
  Sampling 7,949 pixels from batch...
  Sample size after final filter: 7,949

============================================================
Batch 699/1439: Processing 500 files...
  Concatenating batch arrays...
  Filtering NaN/Inf...
  Valid batch pixels: 67,519,921
  Batch min: 0.12
  Batch max: 102.00
  Sampling 7,949 pixels from batch...
  Sample size after final filter: 7,949

============================================================
Batch 700/1439: Processing 500 files...
  Concatenating batch arrays...
  Filtering NaN/Inf...
  Valid batch pixels: 9,300,954
  Batch min: 0.12
  Batch max: 55.94
  Sampling 7,949 pixels from batch...
  Sample size after final filter: 7,949

============================================================
Batch 701/1439: Processing 500 files...
  Concatenating batch arrays...
  Filtering NaN/Inf...
  Valid batch pixels: 73,709
  Batch min: 0.12
  Batch max: 4.08
  Sampling 7,949 pixels from batch...
  Sample size after final filter: 7,949

============================================================
Batch 702/1439: Processing 500 files...
  Concatenating batch arrays...
  Filtering NaN/Inf...
  Valid batch pixels: 14,961
  Batch min: 0.12
  Batch max: 36.25
  Sampling 7,949 pixels from batch...
  Sample size after final filter: 7,949

============================================================
Batch 703/1439: Processing 500 files...
  Concatenating batch arrays...
  Filtering NaN/Inf...
  Valid batch pixels: 8,417
  Batch min: 0.12
  Batch max: 6.12
  Sampling 7,949 pixels from batch...
  Sample size after final filter: 7,949

============================================================
Batch 704/1439: Processing 500 files...
  Concatenating batch arrays...
  Filtering NaN/Inf...
  Valid batch pixels: 5,656,420
  Batch min: 0.12
  Batch max: 34.06
  Sampling 7,949 pixels from batch...
  Sample size after final filter: 7,949

============================================================
Batch 705/1439: Processing 500 files...
  Concatenating batch arrays...
  Filtering NaN/Inf...
  Valid batch pixels: 11,802,068
  Batch min: 0.12
  Batch max: 48.47
  Sampling 7,949 pixels from batch...
  Sample size after final filter: 7,949

============================================================
Batch 706/1439: Processing 500 files...
  Concatenating batch arrays...
  Filtering NaN/Inf...
  Valid batch pixels: 3,394,923
  Batch min: 0.12
  Batch max: 56.38
  Sampling 7,949 pixels from batch...
  Sample size after final filter: 7,949

============================================================
Batch 707/1439: Processing 500 files...
  Concatenating batch arrays...
  Filtering NaN/Inf...
  Valid batch pixels: 92,476
  Batch min: 0.12
  Batch max: 9.24
  Sampling 7,949 pixels from batch...
  Sample size after final filter: 7,949

============================================================
Batch 708/1439: Processing 500 files...
  Concatenating batch arrays...
  Filtering NaN/Inf...
  Valid batch pixels: 36,210
  Batch min: 0.12
  Batch max: 9.24
  Sampling 7,949 pixels from batch...
  Sample size after final filter: 7,949

============================================================
Batch 709/1439: Processing 500 files...
  Concatenating batch arrays...
  Filtering NaN/Inf...
  Valid batch pixels: 515,761
  Batch min: 0.12
  Batch max: 30.97
  Sampling 7,949 pixels from batch...
  Sample size after final filter: 7,949

============================================================
Batch 710/1439: Processing 500 files...
  Concatenating batch arrays...
  Filtering NaN/Inf...
  Valid batch pixels: 16,628,174
  Batch min: 0.12
  Batch max: 73.25
  Sampling 7,949 pixels from batch...
  Sample size after final filter: 7,949

============================================================
Batch 711/1439: Processing 500 files...
  Concatenating batch arrays...
  Filtering NaN/Inf...
  Valid batch pixels: 28,887,084
  Batch min: 0.12
  Batch max: 79.69
  Sampling 7,949 pixels from batch...
  Sample size after final filter: 7,949

============================================================
Batch 712/1439: Processing 500 files...
  Concatenating batch arrays...
  Filtering NaN/Inf...
  Valid batch pixels: 28,812,924
  Batch min: 0.12
  Batch max: 60.25
  Sampling 7,949 pixels from batch...
  Sample size after final filter: 7,949

============================================================
Batch 713/1439: Processing 500 files...
  Concatenating batch arrays...
  Filtering NaN/Inf...
  Valid batch pixels: 38,579,050
  Batch min: 0.12
  Batch max: 433.00
  Sampling 7,949 pixels from batch...
  Sample size after final filter: 7,949

============================================================
Batch 714/1439: Processing 500 files...
  Concatenating batch arrays...
  Filtering NaN/Inf...
  Valid batch pixels: 35,978,060
  Batch min: 0.12
  Batch max: 124.69
  Sampling 7,949 pixels from batch...
  Sample size after final filter: 7,949

============================================================
Batch 715/1439: Processing 500 files...
  Concatenating batch arrays...
  Filtering NaN/Inf...
  Valid batch pixels: 61,729,416
  Batch min: 0.12
  Batch max: 90.88
  Sampling 7,949 pixels from batch...
  Sample size after final filter: 7,949

============================================================
Batch 716/1439: Processing 500 files...
  Concatenating batch arrays...
  Filtering NaN/Inf...
  Valid batch pixels: 28,908,409
  Batch min: 0.12
  Batch max: 72.62
  Sampling 7,949 pixels from batch...
  Sample size after final filter: 7,949

============================================================
Batch 717/1439: Processing 500 files...
  Concatenating batch arrays...
  Filtering NaN/Inf...
  Valid batch pixels: 69,261,691
  Batch min: 0.12
  Batch max: 96.75
  Sampling 7,949 pixels from batch...
  Sample size after final filter: 7,949

============================================================
Batch 718/1439: Processing 500 files...
  Concatenating batch arrays...
  Filtering NaN/Inf...
  Valid batch pixels: 72,559,459
  Batch min: 0.12
  Batch max: 82.94
  Sampling 7,949 pixels from batch...
  Sample size after final filter: 7,949

============================================================
Batch 719/1439: Processing 500 files...
  Concatenating batch arrays...
  Filtering NaN/Inf...
  Valid batch pixels: 30,277,768
  Batch min: 0.12
  Batch max: 79.25
  Sampling 7,949 pixels from batch...
  Sample size after final filter: 7,949

============================================================
Batch 720/1439: Processing 500 files...
  Concatenating batch arrays...
  Filtering NaN/Inf...
  Valid batch pixels: 3,464,074
  Batch min: 0.12
  Batch max: 46.81
  Sampling 7,949 pixels from batch...
  Sample size after final filter: 7,949

============================================================
Batch 721/1439: Processing 500 files...
  Concatenating batch arrays...
  Filtering NaN/Inf...
  Valid batch pixels: 773,291
  Batch min: 0.12
  Batch max: 11.76
  Sampling 7,949 pixels from batch...
  Sample size after final filter: 7,949

============================================================
Batch 722/1439: Processing 500 files...
  Concatenating batch arrays...
  Filtering NaN/Inf...
  Valid batch pixels: 18,733
  Batch min: 0.12
  Batch max: 2.88
  Sampling 7,949 pixels from batch...
  Sample size after final filter: 7,949

============================================================
Batch 723/1439: Processing 500 files...
  Concatenating batch arrays...
  Filtering NaN/Inf...
  Valid batch pixels: 10,210,074
  Batch min: 0.12
  Batch max: 83.12
  Sampling 7,949 pixels from batch...
  Sample size after final filter: 7,949

============================================================
Batch 724/1439: Processing 500 files...
  Concatenating batch arrays...
  Filtering NaN/Inf...
  Valid batch pixels: 9,628,165
  Batch min: 0.12
  Batch max: 114.00
  Sampling 7,949 pixels from batch...
  Sample size after final filter: 7,949

============================================================
Batch 725/1439: Processing 500 files...
  Concatenating batch arrays...
  Filtering NaN/Inf...
  Valid batch pixels: 6,248,942
  Batch min: 0.12
  Batch max: 28.81
  Sampling 7,949 pixels from batch...
  Sample size after final filter: 7,949

============================================================
Batch 726/1439: Processing 500 files...
  Concatenating batch arrays...
  Filtering NaN/Inf...
  Valid batch pixels: 42,247
  Batch min: 0.12
  Batch max: 4.20
  Sampling 7,949 pixels from batch...
  Sample size after final filter: 7,949

============================================================
Batch 727/1439: Processing 500 files...
  Concatenating batch arrays...
  Filtering NaN/Inf...
  Valid batch pixels: 141,767
  Batch min: 0.12
  Batch max: 40.69
  Sampling 7,949 pixels from batch...
  Sample size after final filter: 7,949

============================================================
Batch 728/1439: Processing 500 files...
  Concatenating batch arrays...
  Filtering NaN/Inf...
  Valid batch pixels: 15,441,798
  Batch min: 0.12
  Batch max: 73.94
  Sampling 7,949 pixels from batch...
  Sample size after final filter: 7,949

============================================================
Batch 729/1439: Processing 500 files...
  Concatenating batch arrays...
  Filtering NaN/Inf...
  Valid batch pixels: 34,021,440
  Batch min: 0.12
  Batch max: 129.88
  Sampling 7,949 pixels from batch...
  Sample size after final filter: 7,949

============================================================
Batch 730/1439: Processing 500 files...
  Concatenating batch arrays...
  Filtering NaN/Inf...
  Valid batch pixels: 1,719,432
  Batch min: 0.12
  Batch max: 46.94
  Sampling 7,949 pixels from batch...
  Sample size after final filter: 7,949

============================================================
Batch 731/1439: Processing 500 files...
  Concatenating batch arrays...
  Filtering NaN/Inf...
  Valid batch pixels: 5,265,124
  Batch min: 0.12
  Batch max: 66.62
  Sampling 7,949 pixels from batch...
  Sample size after final filter: 7,949

============================================================
Batch 732/1439: Processing 500 files...
  Concatenating batch arrays...
  Filtering NaN/Inf...
  Valid batch pixels: 14,714,404
  Batch min: 0.12
  Batch max: 100.69
  Sampling 7,949 pixels from batch...
  Sample size after final filter: 7,949

============================================================
Batch 733/1439: Processing 500 files...
  Concatenating batch arrays...
  Filtering NaN/Inf...
  Valid batch pixels: 7,061,774
  Batch min: 0.12
  Batch max: 52.78
  Sampling 7,949 pixels from batch...
  Sample size after final filter: 7,949

============================================================
Batch 734/1439: Processing 500 files...
  Concatenating batch arrays...
  Filtering NaN/Inf...
  Valid batch pixels: 21,439,136
  Batch min: 0.12
  Batch max: 25.19
  Sampling 7,949 pixels from batch...
  Sample size after final filter: 7,949

============================================================
Batch 735/1439: Processing 500 files...
  Concatenating batch arrays...
  Filtering NaN/Inf...
  Valid batch pixels: 15,136,846
  Batch min: 0.12
  Batch max: 58.78
  Sampling 7,949 pixels from batch...
  Sample size after final filter: 7,949

============================================================
Batch 736/1439: Processing 500 files...
  Concatenating batch arrays...
  Filtering NaN/Inf...
  Valid batch pixels: 10,578,995
  Batch min: 0.12
  Batch max: 34.31
  Sampling 7,949 pixels from batch...
  Sample size after final filter: 7,949

============================================================
Batch 737/1439: Processing 500 files...
  Concatenating batch arrays...
  Filtering NaN/Inf...
  Valid batch pixels: 908,869
  Batch min: 0.12
  Batch max: 15.12
  Sampling 7,949 pixels from batch...
  Sample size after final filter: 7,949

============================================================
Batch 738/1439: Processing 500 files...
  Concatenating batch arrays...
  Filtering NaN/Inf...
  Valid batch pixels: 177,358
  Batch min: 0.12
  Batch max: 67.56
  Sampling 7,949 pixels from batch...
  Sample size after final filter: 7,949

============================================================
Batch 739/1439: Processing 500 files...
  Concatenating batch arrays...
  Filtering NaN/Inf...
  Valid batch pixels: 17,702
  Batch min: 0.12
  Batch max: 6.60
  Sampling 7,949 pixels from batch...
  Sample size after final filter: 7,949

============================================================
Batch 740/1439: Processing 500 files...
  Concatenating batch arrays...
  Filtering NaN/Inf...
  Valid batch pixels: 4,538,263
  Batch min: 0.12
  Batch max: 22.81
  Sampling 7,949 pixels from batch...
  Sample size after final filter: 7,949

============================================================
Batch 741/1439: Processing 500 files...
  Concatenating batch arrays...
  Filtering NaN/Inf...
  Valid batch pixels: 11,778,380
  Batch min: 0.12
  Batch max: 185.50
  Sampling 7,949 pixels from batch...
  Sample size after final filter: 7,949

============================================================
Batch 742/1439: Processing 500 files...
  Concatenating batch arrays...
  Filtering NaN/Inf...
  Valid batch pixels: 46,552,899
  Batch min: 0.12
  Batch max: 207.50
  Sampling 7,949 pixels from batch...
  Sample size after final filter: 7,949

============================================================
Batch 743/1439: Processing 500 files...
  Concatenating batch arrays...
  Filtering NaN/Inf...
  Valid batch pixels: 34,926,951
  Batch min: 0.12
  Batch max: 62.62
  Sampling 7,949 pixels from batch...
  Sample size after final filter: 7,949

============================================================
Batch 744/1439: Processing 500 files...
  Concatenating batch arrays...
  Filtering NaN/Inf...
  Valid batch pixels: 16,158,764
  Batch min: 0.12
  Batch max: 148.88
  Sampling 7,949 pixels from batch...
  Sample size after final filter: 7,949

============================================================
Batch 745/1439: Processing 500 files...
  Concatenating batch arrays...
  Filtering NaN/Inf...
  Valid batch pixels: 13,820,983
  Batch min: 0.12
  Batch max: 90.00
  Sampling 7,949 pixels from batch...
  Sample size after final filter: 7,949

============================================================
Batch 746/1439: Processing 500 files...
  Concatenating batch arrays...
  Filtering NaN/Inf...
  Valid batch pixels: 41,262,794
  Batch min: 0.12
  Batch max: 83.50
  Sampling 7,949 pixels from batch...
  Sample size after final filter: 7,949

============================================================
Batch 747/1439: Processing 500 files...
  Concatenating batch arrays...
  Filtering NaN/Inf...
  Valid batch pixels: 12,799,125
  Batch min: 0.12
  Batch max: 87.50
  Sampling 7,949 pixels from batch...
  Sample size after final filter: 7,949

============================================================
Batch 748/1439: Processing 500 files...
  Concatenating batch arrays...
  Filtering NaN/Inf...
  Valid batch pixels: 16,667,485
  Batch min: 0.12
  Batch max: 45.12
  Sampling 7,949 pixels from batch...
  Sample size after final filter: 7,949

============================================================
Batch 749/1439: Processing 500 files...
  Concatenating batch arrays...
  Filtering NaN/Inf...
  Valid batch pixels: 56,985,552
  Batch min: 0.12
  Batch max: 142.75
  Sampling 7,949 pixels from batch...
  Sample size after final filter: 7,949

============================================================
Batch 750/1439: Processing 500 files...
  Concatenating batch arrays...
  Filtering NaN/Inf...
  Valid batch pixels: 49,011,206
  Batch min: 0.12
  Batch max: 135.75
  Sampling 7,949 pixels from batch...
  Sample size after final filter: 7,949

============================================================
Batch 751/1439: Processing 500 files...
  Concatenating batch arrays...
  Filtering NaN/Inf...
  Valid batch pixels: 16,517,359
  Batch min: 0.12
  Batch max: 60.00
  Sampling 7,949 pixels from batch...
  Sample size after final filter: 7,949

============================================================
Batch 752/1439: Processing 500 files...
  Concatenating batch arrays...
  Filtering NaN/Inf...
  Valid batch pixels: 6,036,615
  Batch min: 0.12
  Batch max: 46.69
  Sampling 7,949 pixels from batch...
  Sample size after final filter: 7,949

============================================================
Batch 753/1439: Processing 500 files...
  Concatenating batch arrays...
  Filtering NaN/Inf...
  Valid batch pixels: 27,106,759
  Batch min: 0.12
  Batch max: 108.00
  Sampling 7,949 pixels from batch...
  Sample size after final filter: 7,949

============================================================
Batch 754/1439: Processing 500 files...
  Concatenating batch arrays...
  Filtering NaN/Inf...
  Valid batch pixels: 9,290,864
  Batch min: 0.12
  Batch max: 174.12
  Sampling 7,949 pixels from batch...
  Sample size after final filter: 7,949

============================================================
Batch 755/1439: Processing 500 files...
  Concatenating batch arrays...
  Filtering NaN/Inf...
  Valid batch pixels: 32,367,185
  Batch min: 0.12
  Batch max: 360.75
  Sampling 7,949 pixels from batch...
  Sample size after final filter: 7,949

============================================================
Batch 756/1439: Processing 500 files...
  Concatenating batch arrays...
  Filtering NaN/Inf...
  Valid batch pixels: 56,595,828
  Batch min: 0.12
  Batch max: 173.00
  Sampling 7,949 pixels from batch...
  Sample size after final filter: 7,949

============================================================
Batch 757/1439: Processing 500 files...
  Concatenating batch arrays...
  Filtering NaN/Inf...
  Valid batch pixels: 3,026,950
  Batch min: 0.12
  Batch max: 54.38
  Sampling 7,949 pixels from batch...
  Sample size after final filter: 7,949

============================================================
Batch 758/1439: Processing 500 files...
  Concatenating batch arrays...
  Filtering NaN/Inf...
  Valid batch pixels: 7,604,954
  Batch min: 0.12
  Batch max: 193.12
  Sampling 7,949 pixels from batch...
  Sample size after final filter: 7,949

============================================================
Batch 759/1439: Processing 500 files...
  Concatenating batch arrays...
  Filtering NaN/Inf...
  Valid batch pixels: 22,093,357
  Batch min: 0.12
  Batch max: 135.50
  Sampling 7,949 pixels from batch...
  Sample size after final filter: 7,949

============================================================
Batch 760/1439: Processing 500 files...
  Concatenating batch arrays...
  Filtering NaN/Inf...
  Valid batch pixels: 28,113,531
  Batch min: 0.12
  Batch max: 123.88
  Sampling 7,949 pixels from batch...
  Sample size after final filter: 7,949

============================================================
Batch 761/1439: Processing 500 files...
  Concatenating batch arrays...
  Filtering NaN/Inf...
  Valid batch pixels: 3,741,348
  Batch min: 0.12
  Batch max: 112.25
  Sampling 7,949 pixels from batch...
  Sample size after final filter: 7,949

============================================================
Batch 762/1439: Processing 500 files...
  Concatenating batch arrays...
  Filtering NaN/Inf...
  Valid batch pixels: 108,767
  Batch min: 0.12
  Batch max: 74.88
  Sampling 7,949 pixels from batch...
  Sample size after final filter: 7,949

============================================================
Batch 763/1439: Processing 500 files...
  Concatenating batch arrays...
  Filtering NaN/Inf...
  Valid batch pixels: 9,261,840
  Batch min: 0.12
  Batch max: 323.25
  Sampling 7,949 pixels from batch...
  Sample size after final filter: 7,949

============================================================
Batch 764/1439: Processing 500 files...
  Concatenating batch arrays...
  Filtering NaN/Inf...
  Valid batch pixels: 6,520,346
  Batch min: 0.12
  Batch max: 464.50
  Sampling 7,949 pixels from batch...
  Sample size after final filter: 7,949

============================================================
Batch 765/1439: Processing 500 files...
  Concatenating batch arrays...
  Filtering NaN/Inf...
  Valid batch pixels: 16,325,750
  Batch min: 0.12
  Batch max: 484.50
  Sampling 7,949 pixels from batch...
  Sample size after final filter: 7,949

============================================================
Batch 766/1439: Processing 500 files...
  Concatenating batch arrays...
  Filtering NaN/Inf...
  Valid batch pixels: 9,359,584
  Batch min: 0.12
  Batch max: 113.06
  Sampling 7,949 pixels from batch...
  Sample size after final filter: 7,949

============================================================
Batch 767/1439: Processing 500 files...
  Concatenating batch arrays...
  Filtering NaN/Inf...
  Valid batch pixels: 38,965,698
  Batch min: 0.12
  Batch max: 486.75
  Sampling 7,949 pixels from batch...
  Sample size after final filter: 7,949

============================================================
Batch 768/1439: Processing 500 files...
  Concatenating batch arrays...
  Filtering NaN/Inf...
  Valid batch pixels: 26,649,763
  Batch min: 0.12
  Batch max: 482.50
  Sampling 7,949 pixels from batch...
  Sample size after final filter: 7,949

============================================================
Batch 769/1439: Processing 500 files...
  Concatenating batch arrays...
  Filtering NaN/Inf...
  Valid batch pixels: 7,843,046
  Batch min: 0.12
  Batch max: 183.75
  Sampling 7,949 pixels from batch...
  Sample size after final filter: 7,949

============================================================
Batch 770/1439: Processing 500 files...
  Concatenating batch arrays...
  Filtering NaN/Inf...
  Valid batch pixels: 25,190,796
  Batch min: 0.12
  Batch max: 319.00
  Sampling 7,949 pixels from batch...
  Sample size after final filter: 7,949

============================================================
Batch 771/1439: Processing 500 files...
  Concatenating batch arrays...
  Filtering NaN/Inf...
  Valid batch pixels: 1,013,513
  Batch min: 0.12
  Batch max: 162.88
  Sampling 7,949 pixels from batch...
  Sample size after final filter: 7,949

============================================================
Batch 772/1439: Processing 500 files...
  Concatenating batch arrays...
  Filtering NaN/Inf...
  Valid batch pixels: 9,983,548
  Batch min: 0.12
  Batch max: 284.00
  Sampling 7,949 pixels from batch...
  Sample size after final filter: 7,949

============================================================
Batch 773/1439: Processing 500 files...
  Concatenating batch arrays...
  Filtering NaN/Inf...
  Valid batch pixels: 14,506,974
  Batch min: 0.12
  Batch max: 483.50
  Sampling 7,949 pixels from batch...
  Sample size after final filter: 7,949

============================================================
Batch 774/1439: Processing 500 files...
  Concatenating batch arrays...
  Filtering NaN/Inf...
  Valid batch pixels: 12,503,765
  Batch min: 0.12
  Batch max: 261.75
  Sampling 7,949 pixels from batch...
  Sample size after final filter: 7,949

============================================================
Batch 775/1439: Processing 500 files...
  Concatenating batch arrays...
  Filtering NaN/Inf...
  Valid batch pixels: 272,806
  Batch min: 0.12
  Batch max: 126.12
  Sampling 7,949 pixels from batch...
  Sample size after final filter: 7,949

============================================================
Batch 776/1439: Processing 500 files...
  Concatenating batch arrays...
  Filtering NaN/Inf...
  Valid batch pixels: 183,958
  Batch min: 0.12
  Batch max: 70.06
  Sampling 7,949 pixels from batch...
  Sample size after final filter: 7,949

============================================================
Batch 777/1439: Processing 500 files...
  Concatenating batch arrays...
  Filtering NaN/Inf...
  Valid batch pixels: 59,273
  Batch min: 0.12
  Batch max: 122.25
  Sampling 7,949 pixels from batch...
  Sample size after final filter: 7,949

============================================================
Batch 778/1439: Processing 500 files...
  Concatenating batch arrays...
  Filtering NaN/Inf...
  Valid batch pixels: 133,464
  Batch min: 0.12
  Batch max: 52.06
  Sampling 7,949 pixels from batch...
  Sample size after final filter: 7,949

============================================================
Batch 779/1439: Processing 500 files...
  Concatenating batch arrays...
  Filtering NaN/Inf...
  Valid batch pixels: 5,835,445
  Batch min: 0.12
  Batch max: 319.00
  Sampling 7,949 pixels from batch...
  Sample size after final filter: 7,949

============================================================
Batch 780/1439: Processing 500 files...
  Concatenating batch arrays...
  Filtering NaN/Inf...
  Valid batch pixels: 1,047,816
  Batch min: 0.12
  Batch max: 271.00
  Sampling 7,949 pixels from batch...
  Sample size after final filter: 7,949

============================================================
Batch 781/1439: Processing 500 files...
  Concatenating batch arrays...
  Filtering NaN/Inf...
  Valid batch pixels: 7,667,546
  Batch min: 0.12
  Batch max: 114.75
  Sampling 7,949 pixels from batch...
  Sample size after final filter: 7,949

============================================================
Batch 782/1439: Processing 500 files...
  Concatenating batch arrays...
  Filtering NaN/Inf...
  Valid batch pixels: 18,748,060
  Batch min: 0.12
  Batch max: 291.25
  Sampling 7,949 pixels from batch...
  Sample size after final filter: 7,949

============================================================
Batch 783/1439: Processing 500 files...
  Concatenating batch arrays...
  Filtering NaN/Inf...
  Valid batch pixels: 5,935,115
  Batch min: 0.12
  Batch max: 130.75
  Sampling 7,949 pixels from batch...
  Sample size after final filter: 7,949

============================================================
Batch 784/1439: Processing 500 files...
  Concatenating batch arrays...
  Filtering NaN/Inf...
  Valid batch pixels: 11,833,793
  Batch min: 0.12
  Batch max: 88.31
  Sampling 7,949 pixels from batch...
  Sample size after final filter: 7,949

============================================================
Batch 785/1439: Processing 500 files...
  Concatenating batch arrays...
  Filtering NaN/Inf...
  Valid batch pixels: 49,814,899
  Batch min: 0.12
  Batch max: 408.75
  Sampling 7,949 pixels from batch...
  Sample size after final filter: 7,949

============================================================
Batch 786/1439: Processing 500 files...
  Concatenating batch arrays...
  Filtering NaN/Inf...
  Valid batch pixels: 13,901,483
  Batch min: 0.12
  Batch max: 300.75
  Sampling 7,949 pixels from batch...
  Sample size after final filter: 7,949

============================================================
Batch 787/1439: Processing 500 files...
  Concatenating batch arrays...
  Filtering NaN/Inf...
  Valid batch pixels: 1,559,902
  Batch min: 0.12
  Batch max: 86.88
  Sampling 7,949 pixels from batch...
  Sample size after final filter: 7,949

============================================================
Batch 788/1439: Processing 500 files...
  Concatenating batch arrays...
  Filtering NaN/Inf...
  Valid batch pixels: 200,800
  Batch min: 0.12
  Batch max: 75.38
  Sampling 7,949 pixels from batch...
  Sample size after final filter: 7,949

============================================================
Batch 789/1439: Processing 500 files...
  Concatenating batch arrays...
  Filtering NaN/Inf...
  Valid batch pixels: 10,022,252
  Batch min: 0.12
  Batch max: 136.62
  Sampling 7,949 pixels from batch...
  Sample size after final filter: 7,949

============================================================
Batch 790/1439: Processing 500 files...
  Concatenating batch arrays...
  Filtering NaN/Inf...
  Valid batch pixels: 14,554,764
  Batch min: 0.12
  Batch max: 379.00
  Sampling 7,949 pixels from batch...
  Sample size after final filter: 7,949

============================================================
Batch 791/1439: Processing 500 files...
  Concatenating batch arrays...
  Filtering NaN/Inf...
  Valid batch pixels: 6,958,395
  Batch min: 0.12
  Batch max: 22.33
  Sampling 7,949 pixels from batch...
  Sample size after final filter: 7,949

============================================================
Batch 792/1439: Processing 500 files...
  Concatenating batch arrays...
  Filtering NaN/Inf...
  Valid batch pixels: 69,748
  Batch min: 0.12
  Batch max: 158.00
  Sampling 7,949 pixels from batch...
  Sample size after final filter: 7,949

============================================================
Batch 793/1439: Processing 500 files...
  Concatenating batch arrays...
  Filtering NaN/Inf...
  Valid batch pixels: 5,672,324
  Batch min: 0.12
  Batch max: 312.00
  Sampling 7,949 pixels from batch...
  Sample size after final filter: 7,949

============================================================
Batch 794/1439: Processing 500 files...
  Concatenating batch arrays...
  Filtering NaN/Inf...
  Valid batch pixels: 25,254,820
  Batch min: 0.12
  Batch max: 289.25
  Sampling 7,949 pixels from batch...
  Sample size after final filter: 7,949

============================================================
Batch 795/1439: Processing 500 files...
  Concatenating batch arrays...
  Filtering NaN/Inf...
  Valid batch pixels: 8,737,854
  Batch min: 0.12
  Batch max: 477.75
  Sampling 7,949 pixels from batch...
  Sample size after final filter: 7,949

============================================================
Batch 796/1439: Processing 500 files...
  Concatenating batch arrays...
  Filtering NaN/Inf...
  Valid batch pixels: 19,184,587
  Batch min: 0.12
  Batch max: 308.00
  Sampling 7,949 pixels from batch...
  Sample size after final filter: 7,949

============================================================
Batch 797/1439: Processing 500 files...
  Concatenating batch arrays...
  Filtering NaN/Inf...
  Valid batch pixels: 11,400,807
  Batch min: 0.12
  Batch max: 236.50
  Sampling 7,949 pixels from batch...
  Sample size after final filter: 7,949

============================================================
Batch 798/1439: Processing 500 files...
  Concatenating batch arrays...
  Filtering NaN/Inf...
  Valid batch pixels: 5,198,059
  Batch min: 0.12
  Batch max: 242.00
  Sampling 7,949 pixels from batch...
  Sample size after final filter: 7,949

============================================================
Batch 799/1439: Processing 500 files...
  Concatenating batch arrays...
  Filtering NaN/Inf...
  Valid batch pixels: 15,532,861
  Batch min: 0.12
  Batch max: 300.75
  Sampling 7,949 pixels from batch...
  Sample size after final filter: 7,949

============================================================
Batch 800/1439: Processing 500 files...
  Concatenating batch arrays...
  Filtering NaN/Inf...
  Valid batch pixels: 27,749,798
  Batch min: 0.12
  Batch max: 228.25
  Sampling 7,949 pixels from batch...
  Sample size after final filter: 7,949

============================================================
Batch 801/1439: Processing 500 files...
  Concatenating batch arrays...
  Filtering NaN/Inf...
  Valid batch pixels: 20,107,986
  Batch min: 0.12
  Batch max: 206.75
  Sampling 7,949 pixels from batch...
  Sample size after final filter: 7,949

============================================================
Batch 802/1439: Processing 500 files...
  Concatenating batch arrays...
  Filtering NaN/Inf...
  Valid batch pixels: 15,394,426
  Batch min: 0.12
  Batch max: 275.00
  Sampling 7,949 pixels from batch...
  Sample size after final filter: 7,949

============================================================
Batch 803/1439: Processing 500 files...
  Concatenating batch arrays...
  Filtering NaN/Inf...
  Valid batch pixels: 26,752,629
  Batch min: 0.12
  Batch max: 221.25
  Sampling 7,949 pixels from batch...
  Sample size after final filter: 7,949

============================================================
Batch 804/1439: Processing 500 files...
  Concatenating batch arrays...
  Filtering NaN/Inf...
  Valid batch pixels: 15,428,526
  Batch min: 0.12
  Batch max: 99.00
  Sampling 7,949 pixels from batch...
  Sample size after final filter: 7,949

============================================================
Batch 805/1439: Processing 500 files...
  Concatenating batch arrays...
  Filtering NaN/Inf...
  Valid batch pixels: 15,440,236
  Batch min: 0.12
  Batch max: 220.12
  Sampling 7,949 pixels from batch...
  Sample size after final filter: 7,949

============================================================
Batch 806/1439: Processing 500 files...
  Concatenating batch arrays...
  Filtering NaN/Inf...
  Valid batch pixels: 37,309,537
  Batch min: 0.12
  Batch max: 310.25
  Sampling 7,949 pixels from batch...
  Sample size after final filter: 7,949

============================================================
Batch 807/1439: Processing 500 files...
  Concatenating batch arrays...
  Filtering NaN/Inf...
  Valid batch pixels: 28,763,663
  Batch min: 0.12
  Batch max: 202.12
  Sampling 7,949 pixels from batch...
  Sample size after final filter: 7,949

============================================================
Batch 808/1439: Processing 500 files...
  Concatenating batch arrays...
  Filtering NaN/Inf...
  Valid batch pixels: 15,982,646
  Batch min: 0.12
  Batch max: 137.75
  Sampling 7,949 pixels from batch...
  Sample size after final filter: 7,949

============================================================
Batch 809/1439: Processing 500 files...
  Concatenating batch arrays...
  Filtering NaN/Inf...
  Valid batch pixels: 374,577
  Batch min: 0.12
  Batch max: 121.62
  Sampling 7,949 pixels from batch...
  Sample size after final filter: 7,949

============================================================
Batch 810/1439: Processing 500 files...
  Concatenating batch arrays...
  Filtering NaN/Inf...
  Valid batch pixels: 1,995,177
  Batch min: 0.12
  Batch max: 188.88
  Sampling 7,949 pixels from batch...
  Sample size after final filter: 7,949

============================================================
Batch 811/1439: Processing 500 files...
  Concatenating batch arrays...
  Filtering NaN/Inf...
  Valid batch pixels: 3,822,547
  Batch min: 0.12
  Batch max: 383.50
  Sampling 7,949 pixels from batch...
  Sample size after final filter: 7,949

============================================================
Batch 812/1439: Processing 500 files...
  Concatenating batch arrays...
  Filtering NaN/Inf...
  Valid batch pixels: 10,918,012
  Batch min: 0.12
  Batch max: 402.50
  Sampling 7,949 pixels from batch...
  Sample size after final filter: 7,949

============================================================
Batch 813/1439: Processing 500 files...
  Concatenating batch arrays...
  Filtering NaN/Inf...
  Valid batch pixels: 2,277,539
  Batch min: 0.12
  Batch max: 234.50
  Sampling 7,949 pixels from batch...
  Sample size after final filter: 7,949

============================================================
Batch 814/1439: Processing 500 files...
  Concatenating batch arrays...
  Filtering NaN/Inf...
  Valid batch pixels: 9,804,914
  Batch min: 0.12
  Batch max: 350.75
  Sampling 7,949 pixels from batch...
  Sample size after final filter: 7,949

============================================================
Batch 815/1439: Processing 500 files...
  Concatenating batch arrays...
  Filtering NaN/Inf...
  Valid batch pixels: 13,132,201
  Batch min: 0.12
  Batch max: 98.75
  Sampling 7,949 pixels from batch...
  Sample size after final filter: 7,949

============================================================
Batch 816/1439: Processing 500 files...
  Concatenating batch arrays...
  Filtering NaN/Inf...
  Valid batch pixels: 9,067,273
  Batch min: 0.12
  Batch max: 121.31
  Sampling 7,949 pixels from batch...
  Sample size after final filter: 7,949

============================================================
Batch 817/1439: Processing 500 files...
  Concatenating batch arrays...
  Filtering NaN/Inf...
  Valid batch pixels: 25,444,825
  Batch min: 0.12
  Batch max: 83.88
  Sampling 7,949 pixels from batch...
  Sample size after final filter: 7,949

============================================================
Batch 818/1439: Processing 500 files...
  Concatenating batch arrays...
  Filtering NaN/Inf...
  Valid batch pixels: 47,859,532
  Batch min: 0.12
  Batch max: 112.12
  Sampling 7,949 pixels from batch...
  Sample size after final filter: 7,949

============================================================
Batch 819/1439: Processing 500 files...
  Concatenating batch arrays...
  Filtering NaN/Inf...
  Valid batch pixels: 39,400,795
  Batch min: 0.12
  Batch max: 188.25
  Sampling 7,949 pixels from batch...
  Sample size after final filter: 7,949

============================================================
Batch 820/1439: Processing 500 files...
  Concatenating batch arrays...
  Filtering NaN/Inf...
  Valid batch pixels: 8,960,000
  Batch min: 0.12
  Batch max: 102.12
  Sampling 7,949 pixels from batch...
  Sample size after final filter: 7,949

============================================================
Batch 821/1439: Processing 500 files...
  Concatenating batch arrays...
  Filtering NaN/Inf...
  Valid batch pixels: 974,846
  Batch min: 0.12
  Batch max: 79.25
  Sampling 7,949 pixels from batch...
  Sample size after final filter: 7,949

============================================================
Batch 822/1439: Processing 500 files...
  Concatenating batch arrays...
  Filtering NaN/Inf...
  Valid batch pixels: 627,473
  Batch min: 0.12
  Batch max: 20.16
  Sampling 7,949 pixels from batch...
  Sample size after final filter: 7,949

============================================================
Batch 823/1439: Processing 500 files...
  Concatenating batch arrays...
  Filtering NaN/Inf...
  Valid batch pixels: 14,671,176
  Batch min: 0.12
  Batch max: 205.12
  Sampling 7,949 pixels from batch...
  Sample size after final filter: 7,949

============================================================
Batch 824/1439: Processing 500 files...
  Concatenating batch arrays...
  Filtering NaN/Inf...
  Valid batch pixels: 1,650,737
  Batch min: 0.12
  Batch max: 58.78
  Sampling 7,949 pixels from batch...
  Sample size after final filter: 7,949

============================================================
Batch 825/1439: Processing 500 files...
  Concatenating batch arrays...
  Filtering NaN/Inf...
  Valid batch pixels: 73,768
  Batch min: 0.12
  Batch max: 31.92
  Sampling 7,949 pixels from batch...
  Sample size after final filter: 7,949

============================================================
Batch 826/1439: Processing 500 files...
  Concatenating batch arrays...
  Filtering NaN/Inf...
  Valid batch pixels: 3,462,848
  Batch min: 0.12
  Batch max: 76.25
  Sampling 7,949 pixels from batch...
  Sample size after final filter: 7,949

============================================================
Batch 827/1439: Processing 500 files...
  Concatenating batch arrays...
  Filtering NaN/Inf...
  Valid batch pixels: 25,807,322
  Batch min: 0.12
  Batch max: 64.75
  Sampling 7,949 pixels from batch...
  Sample size after final filter: 7,949

============================================================
Batch 828/1439: Processing 500 files...
  Concatenating batch arrays...
  Filtering NaN/Inf...
  Valid batch pixels: 30,491,602
  Batch min: 0.12
  Batch max: 136.88
  Sampling 7,949 pixels from batch...
  Sample size after final filter: 7,949

============================================================
Batch 829/1439: Processing 500 files...
  Concatenating batch arrays...
  Filtering NaN/Inf...
  Valid batch pixels: 35,534,837
  Batch min: 0.12
  Batch max: 135.75
  Sampling 7,949 pixels from batch...
  Sample size after final filter: 7,949

============================================================
Batch 830/1439: Processing 500 files...
  Concatenating batch arrays...
  Filtering NaN/Inf...
  Valid batch pixels: 31,530,258
  Batch min: 0.12
  Batch max: 147.12
  Sampling 7,949 pixels from batch...
  Sample size after final filter: 7,949

============================================================
Batch 831/1439: Processing 500 files...
  Concatenating batch arrays...
  Filtering NaN/Inf...
  Valid batch pixels: 36,387,856
  Batch min: 0.12
  Batch max: 193.12
  Sampling 7,949 pixels from batch...
  Sample size after final filter: 7,949

============================================================
Batch 832/1439: Processing 500 files...
  Concatenating batch arrays...
  Filtering NaN/Inf...
  Valid batch pixels: 37,466,796
  Batch min: 0.12
  Batch max: 170.75
  Sampling 7,949 pixels from batch...
  Sample size after final filter: 7,949

============================================================
Batch 833/1439: Processing 500 files...
  Concatenating batch arrays...
  Filtering NaN/Inf...
  Valid batch pixels: 47,491,737
  Batch min: 0.12
  Batch max: 83.38
  Sampling 7,949 pixels from batch...
  Sample size after final filter: 7,949

============================================================
Batch 834/1439: Processing 500 files...
  Concatenating batch arrays...
  Filtering NaN/Inf...
  Valid batch pixels: 38,159,875
  Batch min: 0.12
  Batch max: 111.38
  Sampling 7,949 pixels from batch...
  Sample size after final filter: 7,949

============================================================
Batch 835/1439: Processing 500 files...
  Concatenating batch arrays...
  Filtering NaN/Inf...
  Valid batch pixels: 28,025,270
  Batch min: 0.12
  Batch max: 64.75
  Sampling 7,949 pixels from batch...
  Sample size after final filter: 7,949

============================================================
Batch 836/1439: Processing 500 files...
  Concatenating batch arrays...
  Filtering NaN/Inf...
  Valid batch pixels: 46,890,533
  Batch min: 0.12
  Batch max: 88.94
  Sampling 7,949 pixels from batch...
  Sample size after final filter: 7,949

============================================================
Batch 837/1439: Processing 500 files...
  Concatenating batch arrays...
  Filtering NaN/Inf...
  Valid batch pixels: 13,115,850
  Batch min: 0.12
  Batch max: 106.25
  Sampling 7,949 pixels from batch...
  Sample size after final filter: 7,949

============================================================
Batch 838/1439: Processing 500 files...
  Concatenating batch arrays...
  Filtering NaN/Inf...
  Valid batch pixels: 9,945,553
  Batch min: 0.12
  Batch max: 161.75
  Sampling 7,949 pixels from batch...
  Sample size after final filter: 7,949

============================================================
Batch 839/1439: Processing 500 files...
  Concatenating batch arrays...
  Filtering NaN/Inf...
  Valid batch pixels: 7,324,249
  Batch min: 0.12
  Batch max: 364.75
  Sampling 7,949 pixels from batch...
  Sample size after final filter: 7,949

============================================================
Batch 840/1439: Processing 500 files...
  Concatenating batch arrays...
  Filtering NaN/Inf...
  Valid batch pixels: 44,938,104
  Batch min: 0.12
  Batch max: 309.75
  Sampling 7,949 pixels from batch...
  Sample size after final filter: 7,949

============================================================
Batch 841/1439: Processing 500 files...
  Concatenating batch arrays...
  Filtering NaN/Inf...
  Valid batch pixels: 28,461,082
  Batch min: 0.12
  Batch max: 171.50
  Sampling 7,949 pixels from batch...
  Sample size after final filter: 7,949

============================================================
Batch 842/1439: Processing 500 files...
  Concatenating batch arrays...
  Filtering NaN/Inf...
  Valid batch pixels: 44,092,296
  Batch min: 0.12
  Batch max: 82.06
  Sampling 7,949 pixels from batch...
  Sample size after final filter: 7,949

============================================================
Batch 843/1439: Processing 500 files...
  Concatenating batch arrays...
  Filtering NaN/Inf...
  Valid batch pixels: 9,887,836
  Batch min: 0.12
  Batch max: 57.62
  Sampling 7,949 pixels from batch...
  Sample size after final filter: 7,949

============================================================
Batch 844/1439: Processing 500 files...
  Concatenating batch arrays...
  Filtering NaN/Inf...
  Valid batch pixels: 752,364
  Batch min: 0.12
  Batch max: 11.04
  Sampling 7,949 pixels from batch...
  Sample size after final filter: 7,949

============================================================
Batch 845/1439: Processing 500 files...
  Concatenating batch arrays...
  Filtering NaN/Inf...
  Valid batch pixels: 1,680,546
  Batch min: 0.12
  Batch max: 33.12
  Sampling 7,949 pixels from batch...
  Sample size after final filter: 7,949

============================================================
Batch 846/1439: Processing 500 files...
  Concatenating batch arrays...
  Filtering NaN/Inf...
  Valid batch pixels: 23,564,425
  Batch min: 0.12
  Batch max: 77.75
  Sampling 7,949 pixels from batch...
  Sample size after final filter: 7,949

============================================================
Batch 847/1439: Processing 500 files...
  Concatenating batch arrays...
  Filtering NaN/Inf...
  Valid batch pixels: 21,047,053
  Batch min: 0.12
  Batch max: 82.56
  Sampling 7,949 pixels from batch...
  Sample size after final filter: 7,949

============================================================
Batch 848/1439: Processing 500 files...
  Concatenating batch arrays...
  Filtering NaN/Inf...
  Valid batch pixels: 12,546,329
  Batch min: 0.12
  Batch max: 42.62
  Sampling 7,949 pixels from batch...
  Sample size after final filter: 7,949

============================================================
Batch 849/1439: Processing 500 files...
  Concatenating batch arrays...
  Filtering NaN/Inf...
  Valid batch pixels: 35,374,068
  Batch min: 0.12
  Batch max: 71.31
  Sampling 7,949 pixels from batch...
  Sample size after final filter: 7,949

============================================================
Batch 850/1439: Processing 500 files...
  Concatenating batch arrays...
  Filtering NaN/Inf...
  Valid batch pixels: 50,468,098
  Batch min: 0.12
  Batch max: 99.38
  Sampling 7,949 pixels from batch...
  Sample size after final filter: 7,949

============================================================
Batch 851/1439: Processing 500 files...
  Concatenating batch arrays...
  Filtering NaN/Inf...
  Valid batch pixels: 46,730,444
  Batch min: 0.12
  Batch max: 83.38
  Sampling 7,949 pixels from batch...
  Sample size after final filter: 7,949

============================================================
Batch 852/1439: Processing 500 files...
  Concatenating batch arrays...
  Filtering NaN/Inf...
  Valid batch pixels: 18,861,512
  Batch min: 0.12
  Batch max: 113.88
  Sampling 7,949 pixels from batch...
  Sample size after final filter: 7,949

============================================================
Batch 853/1439: Processing 500 files...
  Concatenating batch arrays...
  Filtering NaN/Inf...
  Valid batch pixels: 35,483,244
  Batch min: 0.12
  Batch max: 57.62
  Sampling 7,949 pixels from batch...
  Sample size after final filter: 7,949

============================================================
Batch 854/1439: Processing 500 files...
  Concatenating batch arrays...
  Filtering NaN/Inf...
  Valid batch pixels: 5,478,426
  Batch min: 0.12
  Batch max: 52.78
  Sampling 7,949 pixels from batch...
  Sample size after final filter: 7,949

============================================================
Batch 855/1439: Processing 500 files...
  Concatenating batch arrays...
  Filtering NaN/Inf...
  Valid batch pixels: 23,204,503
  Batch min: 0.12
  Batch max: 82.75
  Sampling 7,949 pixels from batch...
  Sample size after final filter: 7,949

============================================================
Batch 856/1439: Processing 500 files...
  Concatenating batch arrays...
  Filtering NaN/Inf...
  Valid batch pixels: 18,263,489
  Batch min: 0.12
  Batch max: 42.72
  Sampling 7,949 pixels from batch...
  Sample size after final filter: 7,949

============================================================
Batch 857/1439: Processing 500 files...
  Concatenating batch arrays...
  Filtering NaN/Inf...
  Valid batch pixels: 18,687,700
  Batch min: 0.12
  Batch max: 59.88
  Sampling 7,949 pixels from batch...
  Sample size after final filter: 7,949

============================================================
Batch 858/1439: Processing 500 files...
  Concatenating batch arrays...
  Filtering NaN/Inf...
  Valid batch pixels: 31,636,572
  Batch min: 0.12
  Batch max: 32.75
  Sampling 7,949 pixels from batch...
  Sample size after final filter: 7,949

============================================================
Batch 859/1439: Processing 500 files...
  Concatenating batch arrays...
  Filtering NaN/Inf...
  Valid batch pixels: 32,372,879
  Batch min: 0.12
  Batch max: 36.25
  Sampling 7,949 pixels from batch...
  Sample size after final filter: 7,949

============================================================
Batch 860/1439: Processing 500 files...
  Concatenating batch arrays...
  Filtering NaN/Inf...
  Valid batch pixels: 12,438,941
  Batch min: 0.12
  Batch max: 26.66
  Sampling 7,949 pixels from batch...
  Sample size after final filter: 7,949

============================================================
Batch 861/1439: Processing 500 files...
  Concatenating batch arrays...
  Filtering NaN/Inf...
  Valid batch pixels: 13,039,118
  Batch min: 0.12
  Batch max: 60.47
  Sampling 7,949 pixels from batch...
  Sample size after final filter: 7,949

============================================================
Batch 862/1439: Processing 500 files...
  Concatenating batch arrays...
  Filtering NaN/Inf...
  Valid batch pixels: 534,844
  Batch min: 0.12
  Batch max: 10.68
  Sampling 7,949 pixels from batch...
  Sample size after final filter: 7,949

============================================================
Batch 863/1439: Processing 500 files...
  Concatenating batch arrays...
  Filtering NaN/Inf...
  Valid batch pixels: 5,418,206
  Batch min: 0.12
  Batch max: 29.39
  Sampling 7,949 pixels from batch...
  Sample size after final filter: 7,949

============================================================
Batch 864/1439: Processing 500 files...
  Concatenating batch arrays...
  Filtering NaN/Inf...
  Valid batch pixels: 36,253,316
  Batch min: 0.12
  Batch max: 93.62
  Sampling 7,949 pixels from batch...
  Sample size after final filter: 7,949

============================================================
Batch 865/1439: Processing 500 files...
  Concatenating batch arrays...
  Filtering NaN/Inf...
  Valid batch pixels: 36,214,849
  Batch min: 0.12
  Batch max: 91.25
  Sampling 7,949 pixels from batch...
  Sample size after final filter: 7,949

============================================================
Batch 866/1439: Processing 500 files...
  Concatenating batch arrays...
  Filtering NaN/Inf...
  Valid batch pixels: 12,541,362
  Batch min: 0.12
  Batch max: 21.97
  Sampling 7,949 pixels from batch...
  Sample size after final filter: 7,949

============================================================
Batch 867/1439: Processing 500 files...
  Concatenating batch arrays...
  Filtering NaN/Inf...
  Valid batch pixels: 4,012,330
  Batch min: 0.12
  Batch max: 32.53
  Sampling 7,949 pixels from batch...
  Sample size after final filter: 7,949

============================================================
Batch 868/1439: Processing 500 files...
  Concatenating batch arrays...
  Filtering NaN/Inf...
  Valid batch pixels: 8,021
  Batch min: 0.12
  Batch max: 4.56
  Sampling 7,949 pixels from batch...
  Sample size after final filter: 7,949

============================================================
Batch 869/1439: Processing 500 files...
  Concatenating batch arrays...
  Filtering NaN/Inf...
  Valid batch pixels: 32,770,892
  Batch min: 0.12
  Batch max: 46.06
  Sampling 7,949 pixels from batch...
  Sample size after final filter: 7,949

============================================================
Batch 870/1439: Processing 500 files...
  Concatenating batch arrays...
  Filtering NaN/Inf...
  Valid batch pixels: 18,724,566
  Batch min: 0.12
  Batch max: 91.69
  Sampling 7,949 pixels from batch...
  Sample size after final filter: 7,949

============================================================
Batch 871/1439: Processing 500 files...
  Concatenating batch arrays...
  Filtering NaN/Inf...
  Valid batch pixels: 23,606,686
  Batch min: 0.12
  Batch max: 93.62
  Sampling 7,949 pixels from batch...
  Sample size after final filter: 7,949

============================================================
Batch 872/1439: Processing 500 files...
  Concatenating batch arrays...
  Filtering NaN/Inf...
  Valid batch pixels: 48,608,443
  Batch min: 0.12
  Batch max: 43.44
  Sampling 7,949 pixels from batch...
  Sample size after final filter: 7,949

============================================================
Batch 873/1439: Processing 500 files...
  Concatenating batch arrays...
  Filtering NaN/Inf...
  Valid batch pixels: 46,987,968
  Batch min: 0.12
  Batch max: 119.75
  Sampling 7,949 pixels from batch...
  Sample size after final filter: 7,949

============================================================
Batch 874/1439: Processing 500 files...
  Concatenating batch arrays...
  Filtering NaN/Inf...
  Valid batch pixels: 40,862,086
  Batch min: 0.12
  Batch max: 65.88
  Sampling 7,949 pixels from batch...
  Sample size after final filter: 7,949

============================================================
Batch 875/1439: Processing 500 files...
  Concatenating batch arrays...
  Filtering NaN/Inf...
  Valid batch pixels: 12,020,744
  Batch min: 0.12
  Batch max: 49.78
  Sampling 7,949 pixels from batch...
  Sample size after final filter: 7,949

============================================================
Batch 876/1439: Processing 500 files...
  Concatenating batch arrays...
  Filtering NaN/Inf...
  Valid batch pixels: 9,305,750
  Batch min: 0.12
  Batch max: 69.94
  Sampling 7,949 pixels from batch...
  Sample size after final filter: 7,949

============================================================
Batch 877/1439: Processing 500 files...
  Concatenating batch arrays...
  Filtering NaN/Inf...
  Valid batch pixels: 35,842,920
  Batch min: 0.12
  Batch max: 54.94
  Sampling 7,949 pixels from batch...
  Sample size after final filter: 7,949

============================================================
Batch 878/1439: Processing 500 files...
  Concatenating batch arrays...
  Filtering NaN/Inf...
  Valid batch pixels: 29,942,943
  Batch min: 0.12
  Batch max: 88.75
  Sampling 7,949 pixels from batch...
  Sample size after final filter: 7,949

============================================================
Batch 879/1439: Processing 500 files...
  Concatenating batch arrays...
  Filtering NaN/Inf...
  Valid batch pixels: 30,124,584
  Batch min: 0.12
  Batch max: 123.12
  Sampling 7,949 pixels from batch...
  Sample size after final filter: 7,949

============================================================
Batch 880/1439: Processing 500 files...
  Concatenating batch arrays...
  Filtering NaN/Inf...
  Valid batch pixels: 19,406,565
  Batch min: 0.12
  Batch max: 78.94
  Sampling 7,949 pixels from batch...
  Sample size after final filter: 7,949

============================================================
Batch 881/1439: Processing 500 files...
  Concatenating batch arrays...
  Filtering NaN/Inf...
  Valid batch pixels: 10,031,779
  Batch min: 0.12
  Batch max: 61.22
  Sampling 7,949 pixels from batch...
  Sample size after final filter: 7,949

============================================================
Batch 882/1439: Processing 500 files...
  Concatenating batch arrays...
  Filtering NaN/Inf...
  Valid batch pixels: 483,577
  Batch min: 0.12
  Batch max: 26.66
  Sampling 7,949 pixels from batch...
  Sample size after final filter: 7,949

============================================================
Batch 883/1439: Processing 500 files...
  Concatenating batch arrays...
  Filtering NaN/Inf...
  Valid batch pixels: 206,710
  Batch min: 0.12
  Batch max: 17.64
  Sampling 7,949 pixels from batch...
  Sample size after final filter: 7,949

============================================================
Batch 884/1439: Processing 500 files...
  Concatenating batch arrays...
  Filtering NaN/Inf...
  Valid batch pixels: 65,081
  Batch min: 0.12
  Batch max: 38.53
  Sampling 7,949 pixels from batch...
  Sample size after final filter: 7,949

============================================================
Batch 885/1439: Processing 500 files...
  Concatenating batch arrays...
  Filtering NaN/Inf...
  Valid batch pixels: 23,058,072
  Batch min: 0.12
  Batch max: 103.38
  Sampling 7,949 pixels from batch...
  Sample size after final filter: 7,949

============================================================
Batch 886/1439: Processing 500 files...
  Concatenating batch arrays...
  Filtering NaN/Inf...
  Valid batch pixels: 5,998,339
  Batch min: 0.12
  Batch max: 63.62
  Sampling 7,949 pixels from batch...
  Sample size after final filter: 7,949

============================================================
Batch 887/1439: Processing 500 files...
  Concatenating batch arrays...
  Filtering NaN/Inf...
  Valid batch pixels: 63,710,089
  Batch min: 0.12
  Batch max: 100.12
  Sampling 7,949 pixels from batch...
  Sample size after final filter: 7,949

============================================================
Batch 888/1439: Processing 500 files...
  Concatenating batch arrays...
  Filtering NaN/Inf...
  Valid batch pixels: 2,317,243
  Batch min: 0.12
  Batch max: 49.44
  Sampling 7,949 pixels from batch...
  Sample size after final filter: 7,949

============================================================
Batch 889/1439: Processing 500 files...
  Concatenating batch arrays...
  Filtering NaN/Inf...
  Valid batch pixels: 145,330
  Batch min: 0.12
  Batch max: 11.76
  Sampling 7,949 pixels from batch...
  Sample size after final filter: 7,949

============================================================
Batch 890/1439: Processing 500 files...
  Concatenating batch arrays...
  Filtering NaN/Inf...
  Valid batch pixels: 30,618,982
  Batch min: 0.12
  Batch max: 130.88
  Sampling 7,949 pixels from batch...
  Sample size after final filter: 7,949

============================================================
Batch 891/1439: Processing 500 files...
  Concatenating batch arrays...
  Filtering NaN/Inf...
  Valid batch pixels: 54,129,299
  Batch min: 0.12
  Batch max: 84.88
  Sampling 7,949 pixels from batch...
  Sample size after final filter: 7,949

============================================================
Batch 892/1439: Processing 500 files...
  Concatenating batch arrays...
  Filtering NaN/Inf...
  Valid batch pixels: 35,864,567
  Batch min: 0.12
  Batch max: 85.69
  Sampling 7,949 pixels from batch...
  Sample size after final filter: 7,949

============================================================
Batch 893/1439: Processing 500 files...
  Concatenating batch arrays...
  Filtering NaN/Inf...
  Valid batch pixels: 14,465,478
  Batch min: 0.12
  Batch max: 50.38
  Sampling 7,949 pixels from batch...
  Sample size after final filter: 7,949

============================================================
Batch 894/1439: Processing 500 files...
  Concatenating batch arrays...
  Filtering NaN/Inf...
  Valid batch pixels: 27,062,664
  Batch min: 0.12
  Batch max: 83.38
  Sampling 7,949 pixels from batch...
  Sample size after final filter: 7,949

============================================================
Batch 895/1439: Processing 500 files...
  Concatenating batch arrays...
  Filtering NaN/Inf...
  Valid batch pixels: 27,659,375
  Batch min: 0.12
  Batch max: 74.75
  Sampling 7,949 pixels from batch...
  Sample size after final filter: 7,949

============================================================
Batch 896/1439: Processing 500 files...
  Concatenating batch arrays...
  Filtering NaN/Inf...
  Valid batch pixels: 30,701,505
  Batch min: 0.12
  Batch max: 72.00
  Sampling 7,949 pixels from batch...
  Sample size after final filter: 7,949

============================================================
Batch 897/1439: Processing 500 files...
  Concatenating batch arrays...
  Filtering NaN/Inf...
  Valid batch pixels: 24,111,953
  Batch min: 0.12
  Batch max: 59.88
  Sampling 7,949 pixels from batch...
  Sample size after final filter: 7,949

============================================================
Batch 898/1439: Processing 500 files...
  Concatenating batch arrays...
  Filtering NaN/Inf...
  Valid batch pixels: 71,686,887
  Batch min: 0.12
  Batch max: 128.25
  Sampling 7,949 pixels from batch...
  Sample size after final filter: 7,949

============================================================
Batch 899/1439: Processing 500 files...
  Concatenating batch arrays...
  Filtering NaN/Inf...
  Valid batch pixels: 44,366,883
  Batch min: 0.12
  Batch max: 85.56
  Sampling 7,949 pixels from batch...
  Sample size after final filter: 7,949

============================================================
Batch 900/1439: Processing 500 files...
  Concatenating batch arrays...
  Filtering NaN/Inf...
  Valid batch pixels: 43,712,349
  Batch min: 0.12
  Batch max: 57.62
  Sampling 7,949 pixels from batch...
  Sample size after final filter: 7,949

============================================================
Batch 901/1439: Processing 500 files...
  Concatenating batch arrays...
  Filtering NaN/Inf...
  Valid batch pixels: 44,240,312
  Batch min: 0.12
  Batch max: 47.03
  Sampling 7,949 pixels from batch...
  Sample size after final filter: 7,949

============================================================
Batch 902/1439: Processing 500 files...
  Concatenating batch arrays...
  Filtering NaN/Inf...
  Valid batch pixels: 34,942,366
  Batch min: 0.12
  Batch max: 98.75
  Sampling 7,949 pixels from batch...
  Sample size after final filter: 7,949

============================================================
Batch 903/1439: Processing 500 files...
  Concatenating batch arrays...
  Filtering NaN/Inf...
  Valid batch pixels: 47,376,300
  Batch min: 0.12
  Batch max: 61.22
  Sampling 7,949 pixels from batch...
  Sample size after final filter: 7,949

============================================================
Batch 904/1439: Processing 500 files...
  Concatenating batch arrays...
  Filtering NaN/Inf...
  Valid batch pixels: 33,155,008
  Batch min: 0.12
  Batch max: 39.12
  Sampling 7,949 pixels from batch...
  Sample size after final filter: 7,949

============================================================
Batch 905/1439: Processing 500 files...
  Concatenating batch arrays...
  Filtering NaN/Inf...
  Valid batch pixels: 60,286,955
  Batch min: 0.12
  Batch max: 48.00
  Sampling 7,949 pixels from batch...
  Sample size after final filter: 7,949

============================================================
Batch 906/1439: Processing 500 files...
  Concatenating batch arrays...
  Filtering NaN/Inf...
  Valid batch pixels: 16,313,515
  Batch min: 0.12
  Batch max: 42.97
  Sampling 7,949 pixels from batch...
  Sample size after final filter: 7,949

============================================================
Batch 907/1439: Processing 500 files...
  Concatenating batch arrays...
  Filtering NaN/Inf...
  Valid batch pixels: 69,770,953
  Batch min: 0.12
  Batch max: 74.06
  Sampling 7,949 pixels from batch...
  Sample size after final filter: 7,949

============================================================
Batch 908/1439: Processing 500 files...
  Concatenating batch arrays...
  Filtering NaN/Inf...
  Valid batch pixels: 23,497,504
  Batch min: 0.12
  Batch max: 97.25
  Sampling 7,949 pixels from batch...
  Sample size after final filter: 7,949

============================================================
Batch 909/1439: Processing 500 files...
  Concatenating batch arrays...
  Filtering NaN/Inf...
  Valid batch pixels: 11,906,884
  Batch min: 0.12
  Batch max: 54.47
  Sampling 7,949 pixels from batch...
  Sample size after final filter: 7,949

============================================================
Batch 910/1439: Processing 500 files...
  Concatenating batch arrays...
  Filtering NaN/Inf...
  Valid batch pixels: 1,382,218
  Batch min: 0.12
  Batch max: 17.03
  Sampling 7,949 pixels from batch...
  Sample size after final filter: 7,949

============================================================
Batch 911/1439: Processing 500 files...
  Concatenating batch arrays...
  Filtering NaN/Inf...
  Valid batch pixels: 6,767,252
  Batch min: 0.12
  Batch max: 60.47
  Sampling 7,949 pixels from batch...
  Sample size after final filter: 7,949

============================================================
Batch 912/1439: Processing 500 files...
  Concatenating batch arrays...
  Filtering NaN/Inf...
  Valid batch pixels: 459,725
  Batch min: 0.12
  Batch max: 55.22
  Sampling 7,949 pixels from batch...
  Sample size after final filter: 7,949

============================================================
Batch 913/1439: Processing 500 files...
  Concatenating batch arrays...
  Filtering NaN/Inf...
  Valid batch pixels: 23,838,355
  Batch min: 0.12
  Batch max: 118.38
  Sampling 7,949 pixels from batch...
  Sample size after final filter: 7,949

============================================================
Batch 914/1439: Processing 500 files...
  Concatenating batch arrays...
  Filtering NaN/Inf...
  Valid batch pixels: 7,808,615
  Batch min: 0.12
  Batch max: 21.59
  Sampling 7,949 pixels from batch...
  Sample size after final filter: 7,949

============================================================
Batch 915/1439: Processing 500 files...
  Concatenating batch arrays...
  Filtering NaN/Inf...
  Valid batch pixels: 6,028
  Batch min: 0.12
  Batch max: 4.68
  Sample size after final filter: 6,028

============================================================
Batch 916/1439: Processing 500 files...
  Concatenating batch arrays...
  Filtering NaN/Inf...
  Valid batch pixels: 54,894
  Batch min: 0.12
  Batch max: 5.04
  Sampling 7,949 pixels from batch...
  Sample size after final filter: 7,949

============================================================
Batch 917/1439: Processing 500 files...
  Concatenating batch arrays...
  Filtering NaN/Inf...
  Valid batch pixels: 110,225
  Batch min: 0.12
  Batch max: 45.00
  Sampling 7,949 pixels from batch...
  Sample size after final filter: 7,949

============================================================
Batch 918/1439: Processing 500 files...
  Concatenating batch arrays...
  Filtering NaN/Inf...
  Valid batch pixels: 21,546,979
  Batch min: 0.12
  Batch max: 31.19
  Sampling 7,949 pixels from batch...
  Sample size after final filter: 7,949

============================================================
Batch 919/1439: Processing 500 files...
  Concatenating batch arrays...
  Filtering NaN/Inf...
  Valid batch pixels: 6,896,041
  Batch min: 0.12
  Batch max: 99.38
  Sampling 7,949 pixels from batch...
  Sample size after final filter: 7,949

============================================================
Batch 920/1439: Processing 500 files...
  Concatenating batch arrays...
  Filtering NaN/Inf...
  Valid batch pixels: 381,477
  Batch min: 0.12
  Batch max: 30.47
  Sampling 7,949 pixels from batch...
  Sample size after final filter: 7,949

============================================================
Batch 921/1439: Processing 500 files...
  Concatenating batch arrays...
  Filtering NaN/Inf...
  Valid batch pixels: 1,864,552
  Batch min: 0.12
  Batch max: 39.84
  Sampling 7,949 pixels from batch...
  Sample size after final filter: 7,949

============================================================
Batch 922/1439: Processing 500 files...
  Concatenating batch arrays...
  Filtering NaN/Inf...
  Valid batch pixels: 332,415
  Batch min: 0.12
  Batch max: 8.88
  Sampling 7,949 pixels from batch...
  Sample size after final filter: 7,949

============================================================
Batch 923/1439: Processing 500 files...
  Concatenating batch arrays...
  Filtering NaN/Inf...
  Valid batch pixels: 94,205
  Batch min: 0.12
  Batch max: 15.84
  Sampling 7,949 pixels from batch...
  Sample size after final filter: 7,949

============================================================
Batch 924/1439: Processing 500 files...
  Concatenating batch arrays...
  Filtering NaN/Inf...
  Valid batch pixels: 10,176
  Batch min: 0.12
  Batch max: 7.68
  Sampling 7,949 pixels from batch...
  Sample size after final filter: 7,949

============================================================
Batch 925/1439: Processing 500 files...
  Concatenating batch arrays...
  Filtering NaN/Inf...
  Valid batch pixels: 13,959
  Batch min: 0.12
  Batch max: 5.76
  Sampling 7,949 pixels from batch...
  Sample size after final filter: 7,949

============================================================
Batch 926/1439: Processing 500 files...
  Concatenating batch arrays...
  Filtering NaN/Inf...
  Valid batch pixels: 3,673,516
  Batch min: 0.12
  Batch max: 78.25
  Sampling 7,949 pixels from batch...
  Sample size after final filter: 7,949

============================================================
Batch 927/1439: Processing 500 files...
  Concatenating batch arrays...
  Filtering NaN/Inf...
  Valid batch pixels: 8,982,460
  Batch min: 0.12
  Batch max: 129.50
  Sampling 7,949 pixels from batch...
  Sample size after final filter: 7,949

============================================================
Batch 928/1439: Processing 500 files...
  Concatenating batch arrays...
  Filtering NaN/Inf...
  Valid batch pixels: 32,226
  Batch min: 0.12
  Batch max: 2.76
  Sampling 7,949 pixels from batch...
  Sample size after final filter: 7,949

============================================================
Batch 929/1439: Processing 500 files...
  Concatenating batch arrays...
  Filtering NaN/Inf...
  Valid batch pixels: 696,079
  Batch min: 0.12
  Batch max: 42.47
  Sampling 7,949 pixels from batch...
  Sample size after final filter: 7,949

============================================================
Batch 930/1439: Processing 500 files...
  Concatenating batch arrays...
  Filtering NaN/Inf...
  Valid batch pixels: 10,110,794
  Batch min: 0.12
  Batch max: 209.75
  Sampling 7,949 pixels from batch...
  Sample size after final filter: 7,949

============================================================
Batch 931/1439: Processing 500 files...
  Concatenating batch arrays...
  Filtering NaN/Inf...
  Valid batch pixels: 314,256
  Batch min: 0.12
  Batch max: 36.97
  Sampling 7,949 pixels from batch...
  Sample size after final filter: 7,949

============================================================
Batch 932/1439: Processing 500 files...
  Concatenating batch arrays...
  Filtering NaN/Inf...
  Valid batch pixels: 13,194
  Batch min: 0.12
  Batch max: 25.92
  Sampling 7,949 pixels from batch...
  Sample size after final filter: 7,949

============================================================
Batch 933/1439: Processing 500 files...
  Concatenating batch arrays...
  Filtering NaN/Inf...
  Valid batch pixels: 413,983
  Batch min: 0.12
  Batch max: 22.81
  Sampling 7,949 pixels from batch...
  Sample size after final filter: 7,949

============================================================
Batch 934/1439: Processing 500 files...
  Concatenating batch arrays...
  Filtering NaN/Inf...
  Valid batch pixels: 2,429,017
  Batch min: 0.12
  Batch max: 63.84
  Sampling 7,949 pixels from batch...
  Sample size after final filter: 7,949

============================================================
Batch 935/1439: Processing 500 files...
  Concatenating batch arrays...
  Filtering NaN/Inf...
  Valid batch pixels: 20,974,362
  Batch min: 0.12
  Batch max: 148.00
  Sampling 7,949 pixels from batch...
  Sample size after final filter: 7,949

============================================================
Batch 936/1439: Processing 500 files...
  Concatenating batch arrays...
  Filtering NaN/Inf...
  Valid batch pixels: 48,356,501
  Batch min: 0.12
  Batch max: 138.12
  Sampling 7,949 pixels from batch...
  Sample size after final filter: 7,949

============================================================
Batch 937/1439: Processing 500 files...
  Concatenating batch arrays...
  Filtering NaN/Inf...
  Valid batch pixels: 35,241,028
  Batch min: 0.12
  Batch max: 113.88
  Sampling 7,949 pixels from batch...
  Sample size after final filter: 7,949

============================================================
Batch 938/1439: Processing 500 files...
  Concatenating batch arrays...
  Filtering NaN/Inf...
  Valid batch pixels: 15,194,968
  Batch min: 0.12
  Batch max: 112.31
  Sampling 7,949 pixels from batch...
  Sample size after final filter: 7,949

============================================================
Batch 939/1439: Processing 500 files...
  Concatenating batch arrays...
  Filtering NaN/Inf...
  Valid batch pixels: 20,797,693
  Batch min: 0.12
  Batch max: 122.12
  Sampling 7,949 pixels from batch...
  Sample size after final filter: 7,949

============================================================
Batch 940/1439: Processing 500 files...
  Concatenating batch arrays...
  Filtering NaN/Inf...
  Valid batch pixels: 428,564
  Batch min: 0.12
  Batch max: 24.23
  Sampling 7,949 pixels from batch...
  Sample size after final filter: 7,949

============================================================
Batch 941/1439: Processing 500 files...
  Concatenating batch arrays...
  Filtering NaN/Inf...
  Valid batch pixels: 2,227,888
  Batch min: 0.12
  Batch max: 51.12
  Sampling 7,949 pixels from batch...
  Sample size after final filter: 7,949

============================================================
Batch 942/1439: Processing 500 files...
  Concatenating batch arrays...
  Filtering NaN/Inf...
  Valid batch pixels: 23,965,729
  Batch min: 0.12
  Batch max: 234.75
  Sampling 7,949 pixels from batch...
  Sample size after final filter: 7,949

============================================================
Batch 943/1439: Processing 500 files...
  Concatenating batch arrays...
  Filtering NaN/Inf...
  Valid batch pixels: 44,228,923
  Batch min: 0.12
  Batch max: 157.25
  Sampling 7,949 pixels from batch...
  Sample size after final filter: 7,949

============================================================
Batch 944/1439: Processing 500 files...
  Concatenating batch arrays...
  Filtering NaN/Inf...
  Valid batch pixels: 28,336,624
  Batch min: 0.12
  Batch max: 47.66
  Sampling 7,949 pixels from batch...
  Sample size after final filter: 7,949

============================================================
Batch 945/1439: Processing 500 files...
  Concatenating batch arrays...
  Filtering NaN/Inf...
  Valid batch pixels: 5,059,366
  Batch min: 0.12
  Batch max: 54.84
  Sampling 7,949 pixels from batch...
  Sample size after final filter: 7,949

============================================================
Batch 946/1439: Processing 500 files...
  Concatenating batch arrays...
  Filtering NaN/Inf...
  Valid batch pixels: 1,379,263
  Batch min: 0.12
  Batch max: 17.28
  Sampling 7,949 pixels from batch...
  Sample size after final filter: 7,949

============================================================
Batch 947/1439: Processing 500 files...
  Concatenating batch arrays...
  Filtering NaN/Inf...
  Valid batch pixels: 3,379,810
  Batch min: 0.12
  Batch max: 43.06
  Sampling 7,949 pixels from batch...
  Sample size after final filter: 7,949

============================================================
Batch 948/1439: Processing 500 files...
  Concatenating batch arrays...
  Filtering NaN/Inf...
  Valid batch pixels: 396,149
  Batch min: 0.12
  Batch max: 111.88
  Sampling 7,949 pixels from batch...
  Sample size after final filter: 7,949

============================================================
Batch 949/1439: Processing 500 files...
  Concatenating batch arrays...
  Filtering NaN/Inf...
  Valid batch pixels: 34,988,330
  Batch min: 0.12
  Batch max: 111.56
  Sampling 7,949 pixels from batch...
  Sample size after final filter: 7,949

============================================================
Batch 950/1439: Processing 500 files...
  Concatenating batch arrays...
  Filtering NaN/Inf...
  Valid batch pixels: 27,687,867
  Batch min: 0.12
  Batch max: 182.75
  Sampling 7,949 pixels from batch...
  Sample size after final filter: 7,949

============================================================
Batch 951/1439: Processing 500 files...
  Concatenating batch arrays...
  Filtering NaN/Inf...
  Valid batch pixels: 5,116,259
  Batch min: 0.12
  Batch max: 111.88
  Sampling 7,949 pixels from batch...
  Sample size after final filter: 7,949

============================================================
Batch 952/1439: Processing 500 files...
  Concatenating batch arrays...
  Filtering NaN/Inf...
  Valid batch pixels: 7,165,956
  Batch min: 0.12
  Batch max: 160.62
  Sampling 7,949 pixels from batch...
  Sample size after final filter: 7,949

============================================================
Batch 953/1439: Processing 500 files...
  Concatenating batch arrays...
  Filtering NaN/Inf...
  Valid batch pixels: 963,406
  Batch min: 0.12
  Batch max: 64.75
  Sampling 7,949 pixels from batch...
  Sample size after final filter: 7,949

============================================================
Batch 954/1439: Processing 500 files...
  Concatenating batch arrays...
  Filtering NaN/Inf...
  Valid batch pixels: 3,237,368
  Batch min: 0.12
  Batch max: 12.59
  Sampling 7,949 pixels from batch...
  Sample size after final filter: 7,949

============================================================
Batch 955/1439: Processing 500 files...
  Concatenating batch arrays...
  Filtering NaN/Inf...
  Valid batch pixels: 963,733
  Batch min: 0.12
  Batch max: 173.50
  Sampling 7,949 pixels from batch...
  Sample size after final filter: 7,949

============================================================
Batch 956/1439: Processing 500 files...
  Concatenating batch arrays...
  Filtering NaN/Inf...
  Valid batch pixels: 35,634,885
  Batch min: 0.12
  Batch max: 190.00
  Sampling 7,949 pixels from batch...
  Sample size after final filter: 7,949

============================================================
Batch 957/1439: Processing 500 files...
  Concatenating batch arrays...
  Filtering NaN/Inf...
  Valid batch pixels: 50,647,681
  Batch min: 0.12
  Batch max: 116.06
  Sampling 7,949 pixels from batch...
  Sample size after final filter: 7,949

============================================================
Batch 958/1439: Processing 500 files...
  Concatenating batch arrays...
  Filtering NaN/Inf...
  Valid batch pixels: 30,928,259
  Batch min: 0.12
  Batch max: 114.75
  Sampling 7,949 pixels from batch...
  Sample size after final filter: 7,949

============================================================
Batch 959/1439: Processing 500 files...
  Concatenating batch arrays...
  Filtering NaN/Inf...
  Valid batch pixels: 29,447,019
  Batch min: 0.12
  Batch max: 95.06
  Sampling 7,949 pixels from batch...
  Sample size after final filter: 7,949

============================================================
Batch 960/1439: Processing 500 files...
  Concatenating batch arrays...
  Filtering NaN/Inf...
  Valid batch pixels: 34,011,097
  Batch min: 0.12
  Batch max: 147.88
  Sampling 7,949 pixels from batch...
  Sample size after final filter: 7,949

============================================================
Batch 961/1439: Processing 500 files...
  Concatenating batch arrays...
  Filtering NaN/Inf...
  Valid batch pixels: 5,383,166
  Batch min: 0.12
  Batch max: 487.00
  Sampling 7,949 pixels from batch...
  Sample size after final filter: 7,949

============================================================
Batch 962/1439: Processing 500 files...
  Concatenating batch arrays...
  Filtering NaN/Inf...
  Valid batch pixels: 44,594,479
  Batch min: 0.12
  Batch max: 484.00
  Sampling 7,949 pixels from batch...
  Sample size after final filter: 7,949

============================================================
Batch 963/1439: Processing 500 files...
  Concatenating batch arrays...
  Filtering NaN/Inf...
  Valid batch pixels: 33,714,814
  Batch min: 0.12
  Batch max: 165.25
  Sampling 7,949 pixels from batch...
  Sample size after final filter: 7,949

============================================================
Batch 964/1439: Processing 500 files...
  Concatenating batch arrays...
  Filtering NaN/Inf...
  Valid batch pixels: 30,716,579
  Batch min: 0.12
  Batch max: 216.75
  Sampling 7,949 pixels from batch...
  Sample size after final filter: 7,949

============================================================
Batch 965/1439: Processing 500 files...
  Concatenating batch arrays...
  Filtering NaN/Inf...
  Valid batch pixels: 38,349,943
  Batch min: 0.12
  Batch max: 175.25
  Sampling 7,949 pixels from batch...
  Sample size after final filter: 7,949

============================================================
Batch 966/1439: Processing 500 files...
  Concatenating batch arrays...
  Filtering NaN/Inf...
  Valid batch pixels: 10,907,274
  Batch min: 0.12
  Batch max: 123.75
  Sampling 7,949 pixels from batch...
  Sample size after final filter: 7,949

============================================================
Batch 967/1439: Processing 500 files...
  Concatenating batch arrays...
  Filtering NaN/Inf...
  Valid batch pixels: 941,144
  Batch min: 0.12
  Batch max: 84.00
  Sampling 7,949 pixels from batch...
  Sample size after final filter: 7,949

============================================================
Batch 968/1439: Processing 500 files...
  Concatenating batch arrays...
  Filtering NaN/Inf...
  Valid batch pixels: 4,543,917
  Batch min: 0.12
  Batch max: 181.88
  Sampling 7,949 pixels from batch...
  Sample size after final filter: 7,949

============================================================
Batch 969/1439: Processing 500 files...
  Concatenating batch arrays...
  Filtering NaN/Inf...
  Valid batch pixels: 8,425,157
  Batch min: 0.12
  Batch max: 490.50
  Sampling 7,949 pixels from batch...
  Sample size after final filter: 7,949

============================================================
Batch 970/1439: Processing 500 files...
  Concatenating batch arrays...
  Filtering NaN/Inf...
  Valid batch pixels: 23,222,810
  Batch min: 0.12
  Batch max: 457.50
  Sampling 7,949 pixels from batch...
  Sample size after final filter: 7,949

============================================================
Batch 971/1439: Processing 500 files...
  Concatenating batch arrays...
  Filtering NaN/Inf...
  Valid batch pixels: 12,807,690
  Batch min: 0.12
  Batch max: 259.75
  Sampling 7,949 pixels from batch...
  Sample size after final filter: 7,949

============================================================
Batch 972/1439: Processing 500 files...
  Concatenating batch arrays...
  Filtering NaN/Inf...
  Valid batch pixels: 19,185,952
  Batch min: 0.12
  Batch max: 297.00
  Sampling 7,949 pixels from batch...
  Sample size after final filter: 7,949

============================================================
Batch 973/1439: Processing 500 files...
  Concatenating batch arrays...
  Filtering NaN/Inf...
  Valid batch pixels: 13,696,721
  Batch min: 0.12
  Batch max: 211.75
  Sampling 7,949 pixels from batch...
  Sample size after final filter: 7,949

============================================================
Batch 974/1439: Processing 500 files...
  Concatenating batch arrays...
  Filtering NaN/Inf...
  Valid batch pixels: 7,910,761
  Batch min: 0.12
  Batch max: 79.25
  Sampling 7,949 pixels from batch...
  Sample size after final filter: 7,949

============================================================
Batch 975/1439: Processing 500 files...
  Concatenating batch arrays...
  Filtering NaN/Inf...
  Valid batch pixels: 9,678,072
  Batch min: 0.12
  Batch max: 96.56
  Sampling 7,949 pixels from batch...
  Sample size after final filter: 7,949

============================================================
Batch 976/1439: Processing 500 files...
  Concatenating batch arrays...
  Filtering NaN/Inf...
  Valid batch pixels: 35,147,819
  Batch min: 0.12
  Batch max: 81.00
  Sampling 7,949 pixels from batch...
  Sample size after final filter: 7,949

============================================================
Batch 977/1439: Processing 500 files...
  Concatenating batch arrays...
  Filtering NaN/Inf...
  Valid batch pixels: 23,613,702
  Batch min: 0.12
  Batch max: 284.00
  Sampling 7,949 pixels from batch...
  Sample size after final filter: 7,949

============================================================
Batch 978/1439: Processing 500 files...
  Concatenating batch arrays...
  Filtering NaN/Inf...
  Valid batch pixels: 4,373,578
  Batch min: 0.12
  Batch max: 117.75
  Sampling 7,949 pixels from batch...
  Sample size after final filter: 7,949

============================================================
Batch 979/1439: Processing 500 files...
  Concatenating batch arrays...
  Filtering NaN/Inf...
  Valid batch pixels: 8,979,764
  Batch min: 0.12
  Batch max: 58.31
  Sampling 7,949 pixels from batch...
  Sample size after final filter: 7,949

============================================================
Batch 980/1439: Processing 500 files...
  Concatenating batch arrays...
  Filtering NaN/Inf...
  Valid batch pixels: 44,118,205
  Batch min: 0.12
  Batch max: 390.00
  Sampling 7,949 pixels from batch...
  Sample size after final filter: 7,949

============================================================
Batch 981/1439: Processing 500 files...
  Concatenating batch arrays...
  Filtering NaN/Inf...
  Valid batch pixels: 15,146,261
  Batch min: 0.12
  Batch max: 150.25
  Sampling 7,949 pixels from batch...
  Sample size after final filter: 7,949

============================================================
Batch 982/1439: Processing 500 files...
  Concatenating batch arrays...
  Filtering NaN/Inf...
  Valid batch pixels: 4,714,401
  Batch min: 0.12
  Batch max: 347.50
  Sampling 7,949 pixels from batch...
  Sample size after final filter: 7,949

============================================================
Batch 983/1439: Processing 500 files...
  Concatenating batch arrays...
  Filtering NaN/Inf...
  Valid batch pixels: 4,292,065
  Batch min: 0.12
  Batch max: 293.00
  Sampling 7,949 pixels from batch...
  Sample size after final filter: 7,949

============================================================
Batch 984/1439: Processing 500 files...
  Concatenating batch arrays...
  Filtering NaN/Inf...
  Valid batch pixels: 4,016,855
  Batch min: 0.12
  Batch max: 320.50
  Sampling 7,949 pixels from batch...
  Sample size after final filter: 7,949

============================================================
Batch 985/1439: Processing 500 files...
  Concatenating batch arrays...
  Filtering NaN/Inf...
  Valid batch pixels: 7,027,472
  Batch min: 0.12
  Batch max: 183.88
  Sampling 7,949 pixels from batch...
  Sample size after final filter: 7,949

============================================================
Batch 986/1439: Processing 500 files...
  Concatenating batch arrays...
  Filtering NaN/Inf...
  Valid batch pixels: 28,220,584
  Batch min: 0.12
  Batch max: 340.25
  Sampling 7,949 pixels from batch...
  Sample size after final filter: 7,949

============================================================
Batch 987/1439: Processing 500 files...
  Concatenating batch arrays...
  Filtering NaN/Inf...
  Valid batch pixels: 7,062,180
  Batch min: 0.12
  Batch max: 284.25
  Sampling 7,949 pixels from batch...
  Sample size after final filter: 7,949

============================================================
Batch 988/1439: Processing 500 files...
  Concatenating batch arrays...
  Filtering NaN/Inf...
  Valid batch pixels: 1,029,861
  Batch min: 0.12
  Batch max: 107.50
  Sampling 7,949 pixels from batch...
  Sample size after final filter: 7,949

============================================================
Batch 989/1439: Processing 500 files...
  Concatenating batch arrays...
  Filtering NaN/Inf...
  Valid batch pixels: 2,436,518
  Batch min: 0.12
  Batch max: 125.12
  Sampling 7,949 pixels from batch...
  Sample size after final filter: 7,949

============================================================
Batch 990/1439: Processing 500 files...
  Concatenating batch arrays...
  Filtering NaN/Inf...
  Valid batch pixels: 32,349,754
  Batch min: 0.12
  Batch max: 309.00
  Sampling 7,949 pixels from batch...
  Sample size after final filter: 7,949

============================================================
Batch 991/1439: Processing 500 files...
  Concatenating batch arrays...
  Filtering NaN/Inf...
  Valid batch pixels: 40,435,752
  Batch min: 0.12
  Batch max: 201.38
  Sampling 7,949 pixels from batch...
  Sample size after final filter: 7,949

============================================================
Batch 992/1439: Processing 500 files...
  Concatenating batch arrays...
  Filtering NaN/Inf...
  Valid batch pixels: 101,256
  Batch min: 0.12
  Batch max: 17.88
  Sampling 7,949 pixels from batch...
  Sample size after final filter: 7,949

============================================================
Batch 993/1439: Processing 500 files...
  Concatenating batch arrays...
  Filtering NaN/Inf...
  Valid batch pixels: 25,841
  Batch min: 0.12
  Batch max: 32.38
  Sampling 7,949 pixels from batch...
  Sample size after final filter: 7,949

============================================================
Batch 994/1439: Processing 500 files...
  Concatenating batch arrays...
  Filtering NaN/Inf...
  Valid batch pixels: 4,417,216
  Batch min: 0.12
  Batch max: 274.25
  Sampling 7,949 pixels from batch...
  Sample size after final filter: 7,949

============================================================
Batch 995/1439: Processing 500 files...
  Concatenating batch arrays...
  Filtering NaN/Inf...
  Valid batch pixels: 8,262,961
  Batch min: 0.12
  Batch max: 480.50
  Sampling 7,949 pixels from batch...
  Sample size after final filter: 7,949

============================================================
Batch 996/1439: Processing 500 files...
  Concatenating batch arrays...
  Filtering NaN/Inf...
  Valid batch pixels: 12,671,435
  Batch min: 0.12
  Batch max: 341.25
  Sampling 7,949 pixels from batch...
  Sample size after final filter: 7,949

============================================================
Batch 997/1439: Processing 500 files...
  Concatenating batch arrays...
  Filtering NaN/Inf...
  Valid batch pixels: 22,367,006
  Batch min: 0.12
  Batch max: 223.12
  Sampling 7,949 pixels from batch...
  Sample size after final filter: 7,949

============================================================
Batch 998/1439: Processing 500 files...
  Concatenating batch arrays...
  Filtering NaN/Inf...
  Valid batch pixels: 9,831,803
  Batch min: 0.12
  Batch max: 266.25
  Sampling 7,949 pixels from batch...
  Sample size after final filter: 7,949

============================================================
Batch 999/1439: Processing 500 files...
  Concatenating batch arrays...
  Filtering NaN/Inf...
  Valid batch pixels: 22,344,312
  Batch min: 0.12
  Batch max: 264.25
  Sampling 7,949 pixels from batch...
  Sample size after final filter: 7,949

============================================================
Batch 1000/1439: Processing 500 files...
  Concatenating batch arrays...
  Filtering NaN/Inf...
  Valid batch pixels: 6,061,420
  Batch min: 0.12
  Batch max: 160.62
  Sampling 7,949 pixels from batch...
  Sample size after final filter: 7,949

============================================================
Batch 1001/1439: Processing 500 files...
  Concatenating batch arrays...
  Filtering NaN/Inf...
  Valid batch pixels: 16,088,793
  Batch min: 0.12
  Batch max: 264.00
  Sampling 7,949 pixels from batch...
  Sample size after final filter: 7,949

============================================================
Batch 1002/1439: Processing 500 files...
  Concatenating batch arrays...
  Filtering NaN/Inf...
  Valid batch pixels: 11,553,505
  Batch min: 0.12
  Batch max: 179.75
  Sampling 7,949 pixels from batch...
  Sample size after final filter: 7,949

============================================================
Batch 1003/1439: Processing 500 files...
  Concatenating batch arrays...
  Filtering NaN/Inf...
  Valid batch pixels: 12,260,889
  Batch min: 0.12
  Batch max: 164.62
  Sampling 7,949 pixels from batch...
  Sample size after final filter: 7,949

============================================================
Batch 1004/1439: Processing 500 files...
  Concatenating batch arrays...
  Filtering NaN/Inf...
  Valid batch pixels: 17,627,959
  Batch min: 0.12
  Batch max: 140.12
  Sampling 7,949 pixels from batch...
  Sample size after final filter: 7,949

============================================================
Batch 1005/1439: Processing 500 files...
  Concatenating batch arrays...
  Filtering NaN/Inf...
  Valid batch pixels: 31,782,161
  Batch min: 0.12
  Batch max: 187.12
  Sampling 7,949 pixels from batch...
  Sample size after final filter: 7,949

============================================================
Batch 1006/1439: Processing 500 files...
  Concatenating batch arrays...
  Filtering NaN/Inf...
  Valid batch pixels: 59,769,220
  Batch min: 0.12
  Batch max: 159.25
  Sampling 7,949 pixels from batch...
  Sample size after final filter: 7,949

============================================================
Batch 1007/1439: Processing 500 files...
  Concatenating batch arrays...
  Filtering NaN/Inf...
  Valid batch pixels: 20,078,610
  Batch min: 0.12
  Batch max: 483.75
  Sampling 7,949 pixels from batch...
  Sample size after final filter: 7,949

============================================================
Batch 1008/1439: Processing 500 files...
  Concatenating batch arrays...
  Filtering NaN/Inf...
  Valid batch pixels: 11,997,266
  Batch min: 0.12
  Batch max: 103.69
  Sampling 7,949 pixels from batch...
  Sample size after final filter: 7,949

============================================================
Batch 1009/1439: Processing 500 files...
  Concatenating batch arrays...
  Filtering NaN/Inf...
  Valid batch pixels: 15,731,858
  Batch min: 0.12
  Batch max: 57.69
  Sampling 7,949 pixels from batch...
  Sample size after final filter: 7,949

============================================================
Batch 1010/1439: Processing 500 files...
  Concatenating batch arrays...
  Filtering NaN/Inf...
  Valid batch pixels: 13,804,365
  Batch min: 0.12
  Batch max: 320.50
  Sampling 7,949 pixels from batch...
  Sample size after final filter: 7,949

============================================================
Batch 1011/1439: Processing 500 files...
  Concatenating batch arrays...
  Filtering NaN/Inf...
  Valid batch pixels: 1,880,205
  Batch min: 0.12
  Batch max: 47.03
  Sampling 7,949 pixels from batch...
  Sample size after final filter: 7,949

============================================================
Batch 1012/1439: Processing 500 files...
  Concatenating batch arrays...
  Filtering NaN/Inf...
  Valid batch pixels: 1,640,913
  Batch min: 0.12
  Batch max: 78.94
  Sampling 7,949 pixels from batch...
  Sample size after final filter: 7,949

============================================================
Batch 1013/1439: Processing 500 files...
  Concatenating batch arrays...
  Filtering NaN/Inf...
  Valid batch pixels: 160,901
  Batch min: 0.12
  Batch max: 34.06
  Sampling 7,949 pixels from batch...
  Sample size after final filter: 7,949

============================================================
Batch 1014/1439: Processing 500 files...
  Concatenating batch arrays...
  Filtering NaN/Inf...
  Valid batch pixels: 201,315
  Batch min: 0.12
  Batch max: 26.88
  Sampling 7,949 pixels from batch...
  Sample size after final filter: 7,949

============================================================
Batch 1015/1439: Processing 500 files...
  Concatenating batch arrays...
  Filtering NaN/Inf...
  Valid batch pixels: 38,138
  Batch min: 0.12
  Batch max: 36.25
  Sampling 7,949 pixels from batch...
  Sample size after final filter: 7,949

============================================================
Batch 1016/1439: Processing 500 files...
  Concatenating batch arrays...
  Filtering NaN/Inf...
  Valid batch pixels: 2,091,140
  Batch min: 0.12
  Batch max: 247.75
  Sampling 7,949 pixels from batch...
  Sample size after final filter: 7,949

============================================================
Batch 1017/1439: Processing 500 files...
  Concatenating batch arrays...
  Filtering NaN/Inf...
  Valid batch pixels: 29,113
  Batch min: 0.12
  Batch max: 34.19
  Sampling 7,949 pixels from batch...
  Sample size after final filter: 7,949

============================================================
Batch 1018/1439: Processing 500 files...
  Concatenating batch arrays...
  Filtering NaN/Inf...
  Valid batch pixels: 1,128,028
  Batch min: 0.12
  Batch max: 137.50
  Sampling 7,949 pixels from batch...
  Sample size after final filter: 7,949

============================================================
Batch 1019/1439: Processing 500 files...
  Concatenating batch arrays...
  Filtering NaN/Inf...
  Valid batch pixels: 1,166,862
  Batch min: 0.12
  Batch max: 187.25
  Sampling 7,949 pixels from batch...
  Sample size after final filter: 7,949

============================================================
Batch 1020/1439: Processing 500 files...
  Concatenating batch arrays...
  Filtering NaN/Inf...
  Valid batch pixels: 10,121,934
  Batch min: 0.12
  Batch max: 194.75
  Sampling 7,949 pixels from batch...
  Sample size after final filter: 7,949

============================================================
Batch 1021/1439: Processing 500 files...
  Concatenating batch arrays...
  Filtering NaN/Inf...
  Valid batch pixels: 54,611,610
  Batch min: 0.12
  Batch max: 178.25
  Sampling 7,949 pixels from batch...
  Sample size after final filter: 7,949

============================================================
Batch 1022/1439: Processing 500 files...
  Concatenating batch arrays...
  Filtering NaN/Inf...
  Valid batch pixels: 68,011,103
  Batch min: 0.12
  Batch max: 81.38
  Sampling 7,949 pixels from batch...
  Sample size after final filter: 7,949

============================================================
Batch 1023/1439: Processing 500 files...
  Concatenating batch arrays...
  Filtering NaN/Inf...
  Valid batch pixels: 12,809,618
  Batch min: 0.12
  Batch max: 81.94
  Sampling 7,949 pixels from batch...
  Sample size after final filter: 7,949

============================================================
Batch 1024/1439: Processing 500 files...
  Concatenating batch arrays...
  Filtering NaN/Inf...
  Valid batch pixels: 1,615,626
  Batch min: 0.12
  Batch max: 59.16
  Sampling 7,949 pixels from batch...
  Sample size after final filter: 7,949

============================================================
Batch 1025/1439: Processing 500 files...
  Concatenating batch arrays...
  Filtering NaN/Inf...
  Valid batch pixels: 15,013,465
  Batch min: 0.12
  Batch max: 63.38
  Sampling 7,949 pixels from batch...
  Sample size after final filter: 7,949

============================================================
Batch 1026/1439: Processing 500 files...
  Concatenating batch arrays...
  Filtering NaN/Inf...
  Valid batch pixels: 24,328,935
  Batch min: 0.12
  Batch max: 70.69
  Sampling 7,949 pixels from batch...
  Sample size after final filter: 7,949

============================================================
Batch 1027/1439: Processing 500 files...
  Concatenating batch arrays...
  Filtering NaN/Inf...
  Valid batch pixels: 35,229,261
  Batch min: 0.12
  Batch max: 143.62
  Sampling 7,949 pixels from batch...
  Sample size after final filter: 7,949

============================================================
Batch 1028/1439: Processing 500 files...
  Concatenating batch arrays...
  Filtering NaN/Inf...
  Valid batch pixels: 24,963,215
  Batch min: 0.12
  Batch max: 99.38
  Sampling 7,949 pixels from batch...
  Sample size after final filter: 7,949

============================================================
Batch 1029/1439: Processing 500 files...
  Concatenating batch arrays...
  Filtering NaN/Inf...
  Valid batch pixels: 26,545,758
  Batch min: 0.12
  Batch max: 115.88
  Sampling 7,949 pixels from batch...
  Sample size after final filter: 7,949

============================================================
Batch 1030/1439: Processing 500 files...
  Concatenating batch arrays...
  Filtering NaN/Inf...
  Valid batch pixels: 25,452,862
  Batch min: 0.12
  Batch max: 79.06
  Sampling 7,949 pixels from batch...
  Sample size after final filter: 7,949

============================================================
Batch 1031/1439: Processing 500 files...
  Concatenating batch arrays...
  Filtering NaN/Inf...
  Valid batch pixels: 6,088,936
  Batch min: 0.12
  Batch max: 83.88
  Sampling 7,949 pixels from batch...
  Sample size after final filter: 7,949

============================================================
Batch 1032/1439: Processing 500 files...
  Concatenating batch arrays...
  Filtering NaN/Inf...
  Valid batch pixels: 48,856,581
  Batch min: 0.12
  Batch max: 105.25
  Sampling 7,949 pixels from batch...
  Sample size after final filter: 7,949

============================================================
Batch 1033/1439: Processing 500 files...
  Concatenating batch arrays...
  Filtering NaN/Inf...
  Valid batch pixels: 19,712,871
  Batch min: 0.12
  Batch max: 76.75
  Sampling 7,949 pixels from batch...
  Sample size after final filter: 7,949

============================================================
Batch 1034/1439: Processing 500 files...
  Concatenating batch arrays...
  Filtering NaN/Inf...
  Valid batch pixels: 3,914,849
  Batch min: 0.12
  Batch max: 30.47
  Sampling 7,949 pixels from batch...
  Sample size after final filter: 7,949

============================================================
Batch 1035/1439: Processing 500 files...
  Concatenating batch arrays...
  Filtering NaN/Inf...
  Valid batch pixels: 7,258,102
  Batch min: 0.12
  Batch max: 27.72
  Sampling 7,949 pixels from batch...
  Sample size after final filter: 7,949

============================================================
Batch 1036/1439: Processing 500 files...
  Concatenating batch arrays...
  Filtering NaN/Inf...
  Valid batch pixels: 34,156,907
  Batch min: 0.12
  Batch max: 43.31
  Sampling 7,949 pixels from batch...
  Sample size after final filter: 7,949

============================================================
Batch 1037/1439: Processing 500 files...
  Concatenating batch arrays...
  Filtering NaN/Inf...
  Valid batch pixels: 40,335,043
  Batch min: 0.12
  Batch max: 164.62
  Sampling 7,949 pixels from batch...
  Sample size after final filter: 7,949

============================================================
Batch 1038/1439: Processing 500 files...
  Concatenating batch arrays...
  Filtering NaN/Inf...
  Valid batch pixels: 16,896,201
  Batch min: 0.12
  Batch max: 45.97
  Sampling 7,949 pixels from batch...
  Sample size after final filter: 7,949

============================================================
Batch 1039/1439: Processing 500 files...
  Concatenating batch arrays...
  Filtering NaN/Inf...
  Valid batch pixels: 37,382,028
  Batch min: 0.12
  Batch max: 39.34
  Sampling 7,949 pixels from batch...
  Sample size after final filter: 7,949

============================================================
Batch 1040/1439: Processing 500 files...
  Concatenating batch arrays...
  Filtering NaN/Inf...
  Valid batch pixels: 35,036,212
  Batch min: 0.12
  Batch max: 70.31
  Sampling 7,949 pixels from batch...
  Sample size after final filter: 7,949

============================================================
Batch 1041/1439: Processing 500 files...
  Concatenating batch arrays...
  Filtering NaN/Inf...
  Valid batch pixels: 60,789,640
  Batch min: 0.12
  Batch max: 71.31
  Sampling 7,949 pixels from batch...
  Sample size after final filter: 7,949

============================================================
Batch 1042/1439: Processing 500 files...
  Concatenating batch arrays...
  Filtering NaN/Inf...
  Valid batch pixels: 21,087,632
  Batch min: 0.12
  Batch max: 57.94
  Sampling 7,949 pixels from batch...
  Sample size after final filter: 7,949

============================================================
Batch 1043/1439: Processing 500 files...
  Concatenating batch arrays...
  Filtering NaN/Inf...
  Valid batch pixels: 13,628,909
  Batch min: 0.12
  Batch max: 72.94
  Sampling 7,949 pixels from batch...
  Sample size after final filter: 7,949

============================================================
Batch 1044/1439: Processing 500 files...
  Concatenating batch arrays...
  Filtering NaN/Inf...
  Valid batch pixels: 11,545,131
  Batch min: 0.12
  Batch max: 49.22
  Sampling 7,949 pixels from batch...
  Sample size after final filter: 7,949

============================================================
Batch 1045/1439: Processing 500 files...
  Concatenating batch arrays...
  Filtering NaN/Inf...
  Valid batch pixels: 200,695
  Batch min: 0.12
  Batch max: 32.66
  Sampling 7,949 pixels from batch...
  Sample size after final filter: 7,949

============================================================
Batch 1046/1439: Processing 500 files...
  Concatenating batch arrays...
  Filtering NaN/Inf...
  Valid batch pixels: 808,514
  Batch min: 0.12
  Batch max: 25.08
  Sampling 7,949 pixels from batch...
  Sample size after final filter: 7,949

============================================================
Batch 1047/1439: Processing 500 files...
  Concatenating batch arrays...
  Filtering NaN/Inf...
  Valid batch pixels: 1,690,483
  Batch min: 0.12
  Batch max: 35.75
  Sampling 7,949 pixels from batch...
  Sample size after final filter: 7,949

============================================================
Batch 1048/1439: Processing 500 files...
  Concatenating batch arrays...
  Filtering NaN/Inf...
  Valid batch pixels: 622,328
  Batch min: 0.12
  Batch max: 41.66
  Sampling 7,949 pixels from batch...
  Sample size after final filter: 7,949

============================================================
Batch 1049/1439: Processing 500 files...
  Concatenating batch arrays...
  Filtering NaN/Inf...
  Valid batch pixels: 4,513,308
  Batch min: 0.12
  Batch max: 46.19
  Sampling 7,949 pixels from batch...
  Sample size after final filter: 7,949

============================================================
Batch 1050/1439: Processing 500 files...
  Concatenating batch arrays...
  Filtering NaN/Inf...
  Valid batch pixels: 7,205,745
  Batch min: 0.12
  Batch max: 77.38
  Sampling 7,949 pixels from batch...
  Sample size after final filter: 7,949

============================================================
Batch 1051/1439: Processing 500 files...
  Concatenating batch arrays...
  Filtering NaN/Inf...
  Valid batch pixels: 19,337,112
  Batch min: 0.12
  Batch max: 57.38
  Sampling 7,949 pixels from batch...
  Sample size after final filter: 7,949

============================================================
Batch 1052/1439: Processing 500 files...
  Concatenating batch arrays...
  Filtering NaN/Inf...
  Valid batch pixels: 3,892,676
  Batch min: 0.12
  Batch max: 133.75
  Sampling 7,949 pixels from batch...
  Sample size after final filter: 7,949

============================================================
Batch 1053/1439: Processing 500 files...
  Concatenating batch arrays...
  Filtering NaN/Inf...
  Valid batch pixels: 13,572,573
  Batch min: 0.12
  Batch max: 76.75
  Sampling 7,949 pixels from batch...
  Sample size after final filter: 7,949

============================================================
Batch 1054/1439: Processing 500 files...
  Concatenating batch arrays...
  Filtering NaN/Inf...
  Valid batch pixels: 2,148,365
  Batch min: 0.12
  Batch max: 55.78
  Sampling 7,949 pixels from batch...
  Sample size after final filter: 7,949

============================================================
Batch 1055/1439: Processing 500 files...
  Concatenating batch arrays...
  Filtering NaN/Inf...
  Valid batch pixels: 1,958,430
  Batch min: 0.12
  Batch max: 38.75
  Sampling 7,949 pixels from batch...
  Sample size after final filter: 7,949

============================================================
Batch 1056/1439: Processing 500 files...
  Concatenating batch arrays...
  Filtering NaN/Inf...
  Valid batch pixels: 130,406
  Batch min: 0.12
  Batch max: 19.19
  Sampling 7,949 pixels from batch...
  Sample size after final filter: 7,949

============================================================
Batch 1057/1439: Processing 500 files...
  Concatenating batch arrays...
  Filtering NaN/Inf...
  Valid batch pixels: 1,950,512
  Batch min: 0.12
  Batch max: 23.52
  Sampling 7,949 pixels from batch...
  Sample size after final filter: 7,949

============================================================
Batch 1058/1439: Processing 500 files...
  Concatenating batch arrays...
  Filtering NaN/Inf...
  Valid batch pixels: 251,726
  Batch min: 0.12
  Batch max: 9.96
  Sampling 7,949 pixels from batch...
  Sample size after final filter: 7,949

============================================================
Batch 1059/1439: Processing 500 files...
  Concatenating batch arrays...
  Filtering NaN/Inf...
  Valid batch pixels: 29,224,834
  Batch min: 0.12
  Batch max: 37.69
  Sampling 7,949 pixels from batch...
  Sample size after final filter: 7,949

============================================================
Batch 1060/1439: Processing 500 files...
  Concatenating batch arrays...
  Filtering NaN/Inf...
  Valid batch pixels: 4,530,630
  Batch min: 0.12
  Batch max: 59.62
  Sampling 7,949 pixels from batch...
  Sample size after final filter: 7,949

============================================================
Batch 1061/1439: Processing 500 files...
  Concatenating batch arrays...
  Filtering NaN/Inf...
  Valid batch pixels: 24,078,841
  Batch min: 0.12
  Batch max: 39.62
  Sampling 7,949 pixels from batch...
  Sample size after final filter: 7,949

============================================================
Batch 1062/1439: Processing 500 files...
  Concatenating batch arrays...
  Filtering NaN/Inf...
  Valid batch pixels: 32,616,296
  Batch min: 0.12
  Batch max: 47.53
  Sampling 7,949 pixels from batch...
  Sample size after final filter: 7,949

============================================================
Batch 1063/1439: Processing 500 files...
  Concatenating batch arrays...
  Filtering NaN/Inf...
  Valid batch pixels: 14,149,127
  Batch min: 0.12
  Batch max: 25.19
  Sampling 7,949 pixels from batch...
  Sample size after final filter: 7,949

============================================================
Batch 1064/1439: Processing 500 files...
  Concatenating batch arrays...
  Filtering NaN/Inf...
  Valid batch pixels: 23,121,154
  Batch min: 0.12
  Batch max: 19.19
  Sampling 7,949 pixels from batch...
  Sample size after final filter: 7,949

============================================================
Batch 1065/1439: Processing 500 files...
  Concatenating batch arrays...
  Filtering NaN/Inf...
  Valid batch pixels: 10,427,329
  Batch min: 0.12
  Batch max: 55.94
  Sampling 7,949 pixels from batch...
  Sample size after final filter: 7,949

============================================================
Batch 1066/1439: Processing 500 files...
  Concatenating batch arrays...
  Filtering NaN/Inf...
  Valid batch pixels: 12,480,058
  Batch min: 0.12
  Batch max: 52.94
  Sampling 7,949 pixels from batch...
  Sample size after final filter: 7,949

============================================================
Batch 1067/1439: Processing 500 files...
  Concatenating batch arrays...
  Filtering NaN/Inf...
  Valid batch pixels: 29,272,486
  Batch min: 0.12
  Batch max: 76.25
  Sampling 7,949 pixels from batch...
  Sample size after final filter: 7,949

============================================================
Batch 1068/1439: Processing 500 files...
  Concatenating batch arrays...
  Filtering NaN/Inf...
  Valid batch pixels: 9,563,514
  Batch min: 0.12
  Batch max: 30.12
  Sampling 7,949 pixels from batch...
  Sample size after final filter: 7,949

============================================================
Batch 1069/1439: Processing 500 files...
  Concatenating batch arrays...
  Filtering NaN/Inf...
  Valid batch pixels: 836,186
  Batch min: 0.12
  Batch max: 16.08
  Sampling 7,949 pixels from batch...
  Sample size after final filter: 7,949

============================================================
Batch 1070/1439: Processing 500 files...
  Concatenating batch arrays...
  Filtering NaN/Inf...
  Valid batch pixels: 18,220,978
  Batch min: 0.12
  Batch max: 58.44
  Sampling 7,949 pixels from batch...
  Sample size after final filter: 7,949

============================================================
Batch 1071/1439: Processing 500 files...
  Concatenating batch arrays...
  Filtering NaN/Inf...
  Valid batch pixels: 43,315,645
  Batch min: 0.12
  Batch max: 78.00
  Sampling 7,949 pixels from batch...
  Sample size after final filter: 7,949

============================================================
Batch 1072/1439: Processing 500 files...
  Concatenating batch arrays...
  Filtering NaN/Inf...
  Valid batch pixels: 79,511,820
  Batch min: 0.12
  Batch max: 87.12
  Sampling 7,949 pixels from batch...
  Sample size after final filter: 7,949

============================================================
Batch 1073/1439: Processing 500 files...
  Concatenating batch arrays...
  Filtering NaN/Inf...
  Valid batch pixels: 17,472,071
  Batch min: 0.12
  Batch max: 52.78
  Sampling 7,949 pixels from batch...
  Sample size after final filter: 7,949

============================================================
Batch 1074/1439: Processing 500 files...
  Concatenating batch arrays...
  Filtering NaN/Inf...
  Valid batch pixels: 32,831,965
  Batch min: 0.12
  Batch max: 26.88
  Sampling 7,949 pixels from batch...
  Sample size after final filter: 7,949

============================================================
Batch 1075/1439: Processing 500 files...
  Concatenating batch arrays...
  Filtering NaN/Inf...
  Valid batch pixels: 30,389,428
  Batch min: 0.12
  Batch max: 39.72
  Sampling 7,949 pixels from batch...
  Sample size after final filter: 7,949

============================================================
Batch 1076/1439: Processing 500 files...
  Concatenating batch arrays...
  Filtering NaN/Inf...
  Valid batch pixels: 15,864,244
  Batch min: 0.12
  Batch max: 44.38
  Sampling 7,949 pixels from batch...
  Sample size after final filter: 7,949

============================================================
Batch 1077/1439: Processing 500 files...
  Concatenating batch arrays...
  Filtering NaN/Inf...
  Valid batch pixels: 7,980,320
  Batch min: 0.12
  Batch max: 39.97
  Sampling 7,949 pixels from batch...
  Sample size after final filter: 7,949

============================================================
Batch 1078/1439: Processing 500 files...
  Concatenating batch arrays...
  Filtering NaN/Inf...
  Valid batch pixels: 25,098,904
  Batch min: 0.12
  Batch max: 40.81
  Sampling 7,949 pixels from batch...
  Sample size after final filter: 7,949

============================================================
Batch 1079/1439: Processing 500 files...
  Concatenating batch arrays...
  Filtering NaN/Inf...
  Valid batch pixels: 14,875,518
  Batch min: 0.12
  Batch max: 69.50
  Sampling 7,949 pixels from batch...
  Sample size after final filter: 7,949

============================================================
Batch 1080/1439: Processing 500 files...
  Concatenating batch arrays...
  Filtering NaN/Inf...
  Valid batch pixels: 28,193,594
  Batch min: 0.12
  Batch max: 36.00
  Sampling 7,949 pixels from batch...
  Sample size after final filter: 7,949

============================================================
Batch 1081/1439: Processing 500 files...
  Concatenating batch arrays...
  Filtering NaN/Inf...
  Valid batch pixels: 13,549,090
  Batch min: 0.12
  Batch max: 53.62
  Sampling 7,949 pixels from batch...
  Sample size after final filter: 7,949

============================================================
Batch 1082/1439: Processing 500 files...
  Concatenating batch arrays...
  Filtering NaN/Inf...
  Valid batch pixels: 4,857,212
  Batch min: 0.12
  Batch max: 31.81
  Sampling 7,949 pixels from batch...
  Sample size after final filter: 7,949

============================================================
Batch 1083/1439: Processing 500 files...
  Concatenating batch arrays...
  Filtering NaN/Inf...
  Valid batch pixels: 57,900,261
  Batch min: 0.12
  Batch max: 81.62
  Sampling 7,949 pixels from batch...
  Sample size after final filter: 7,949

============================================================
Batch 1084/1439: Processing 500 files...
  Concatenating batch arrays...
  Filtering NaN/Inf...
  Valid batch pixels: 49,320,381
  Batch min: 0.12
  Batch max: 36.00
  Sampling 7,949 pixels from batch...
  Sample size after final filter: 7,949

============================================================
Batch 1085/1439: Processing 500 files...
  Concatenating batch arrays...
  Filtering NaN/Inf...
  Valid batch pixels: 12,253,635
  Batch min: 0.12
  Batch max: 30.00
  Sampling 7,949 pixels from batch...
  Sample size after final filter: 7,949

============================================================
Batch 1086/1439: Processing 500 files...
  Concatenating batch arrays...
  Filtering NaN/Inf...
  Valid batch pixels: 25,188,485
  Batch min: 0.12
  Batch max: 76.75
  Sampling 7,949 pixels from batch...
  Sample size after final filter: 7,949

============================================================
Batch 1087/1439: Processing 500 files...
  Concatenating batch arrays...
  Filtering NaN/Inf...
  Valid batch pixels: 45,709,273
  Batch min: 0.12
  Batch max: 46.81
  Sampling 7,949 pixels from batch...
  Sample size after final filter: 7,949

============================================================
Batch 1088/1439: Processing 500 files...
  Concatenating batch arrays...
  Filtering NaN/Inf...
  Valid batch pixels: 29,444,200
  Batch min: 0.12
  Batch max: 61.31
  Sampling 7,949 pixels from batch...
  Sample size after final filter: 7,949

============================================================
Batch 1089/1439: Processing 500 files...
  Concatenating batch arrays...
  Filtering NaN/Inf...
  Valid batch pixels: 47,178,426
  Batch min: 0.12
  Batch max: 52.69
  Sampling 7,949 pixels from batch...
  Sample size after final filter: 7,949

============================================================
Batch 1090/1439: Processing 500 files...
  Concatenating batch arrays...
  Filtering NaN/Inf...
  Valid batch pixels: 32,851,573
  Batch min: 0.12
  Batch max: 54.84
  Sampling 7,949 pixels from batch...
  Sample size after final filter: 7,949

============================================================
Batch 1091/1439: Processing 500 files...
  Concatenating batch arrays...
  Filtering NaN/Inf...
  Valid batch pixels: 21,280,453
  Batch min: 0.12
  Batch max: 68.38
  Sampling 7,949 pixels from batch...
  Sample size after final filter: 7,949

============================================================
Batch 1092/1439: Processing 500 files...
  Concatenating batch arrays...
  Filtering NaN/Inf...
  Valid batch pixels: 50,792,911
  Batch min: 0.12
  Batch max: 75.50
  Sampling 7,949 pixels from batch...
  Sample size after final filter: 7,949

============================================================
Batch 1093/1439: Processing 500 files...
  Concatenating batch arrays...
  Filtering NaN/Inf...
  Valid batch pixels: 75,590,725
  Batch min: 0.12
  Batch max: 84.00
  Sampling 7,949 pixels from batch...
  Sample size after final filter: 7,949

============================================================
Batch 1094/1439: Processing 500 files...
  Concatenating batch arrays...
  Filtering NaN/Inf...
  Valid batch pixels: 19,572,926
  Batch min: 0.12
  Batch max: 49.56
  Sampling 7,949 pixels from batch...
  Sample size after final filter: 7,949

============================================================
Batch 1095/1439: Processing 500 files...
  Concatenating batch arrays...
  Filtering NaN/Inf...
  Valid batch pixels: 27,478,703
  Batch min: 0.12
  Batch max: 131.62
  Sampling 7,949 pixels from batch...
  Sample size after final filter: 7,949

============================================================
Batch 1096/1439: Processing 500 files...
  Concatenating batch arrays...
  Filtering NaN/Inf...
  Valid batch pixels: 2,775,260
  Batch min: 0.12
  Batch max: 22.81
  Sampling 7,949 pixels from batch...
  Sample size after final filter: 7,949

============================================================
Batch 1097/1439: Processing 500 files...
  Concatenating batch arrays...
  Filtering NaN/Inf...
  Valid batch pixels: 3,510,815
  Batch min: 0.12
  Batch max: 27.72
  Sampling 7,949 pixels from batch...
  Sample size after final filter: 7,949

============================================================
Batch 1098/1439: Processing 500 files...
  Concatenating batch arrays...
  Filtering NaN/Inf...
  Valid batch pixels: 14,151,875
  Batch min: 0.12
  Batch max: 51.62
  Sampling 7,949 pixels from batch...
  Sample size after final filter: 7,949

============================================================
Batch 1099/1439: Processing 500 files...
  Concatenating batch arrays...
  Filtering NaN/Inf...
  Valid batch pixels: 50,631,480
  Batch min: 0.12
  Batch max: 110.62
  Sampling 7,949 pixels from batch...
  Sample size after final filter: 7,949

============================================================
Batch 1100/1439: Processing 500 files...
  Concatenating batch arrays...
  Filtering NaN/Inf...
  Valid batch pixels: 55,179,767
  Batch min: 0.12
  Batch max: 90.12
  Sampling 7,949 pixels from batch...
  Sample size after final filter: 7,949

============================================================
Batch 1101/1439: Processing 500 files...
  Concatenating batch arrays...
  Filtering NaN/Inf...
  Valid batch pixels: 37,576,418
  Batch min: 0.12
  Batch max: 108.50
  Sampling 7,949 pixels from batch...
  Sample size after final filter: 7,949

============================================================
Batch 1102/1439: Processing 500 files...
  Concatenating batch arrays...
  Filtering NaN/Inf...
  Valid batch pixels: 25,534,557
  Batch min: 0.12
  Batch max: 97.25
  Sampling 7,949 pixels from batch...
  Sample size after final filter: 7,949

============================================================
Batch 1103/1439: Processing 500 files...
  Concatenating batch arrays...
  Filtering NaN/Inf...
  Valid batch pixels: 16,880,611
  Batch min: 0.12
  Batch max: 83.06
  Sampling 7,949 pixels from batch...
  Sample size after final filter: 7,949

============================================================
Batch 1104/1439: Processing 500 files...
  Concatenating batch arrays...
  Filtering NaN/Inf...
  Valid batch pixels: 8,304,020
  Batch min: 0.12
  Batch max: 78.00
  Sampling 7,949 pixels from batch...
  Sample size after final filter: 7,949

============================================================
Batch 1105/1439: Processing 500 files...
  Concatenating batch arrays...
  Filtering NaN/Inf...
  Valid batch pixels: 5,680,966
  Batch min: 0.12
  Batch max: 54.00
  Sampling 7,949 pixels from batch...
  Sample size after final filter: 7,949

============================================================
Batch 1106/1439: Processing 500 files...
  Concatenating batch arrays...
  Filtering NaN/Inf...
  Valid batch pixels: 325,283
  Batch min: 0.12
  Batch max: 13.92
  Sampling 7,949 pixels from batch...
  Sample size after final filter: 7,949

============================================================
Batch 1107/1439: Processing 500 files...
  Concatenating batch arrays...
  Filtering NaN/Inf...
  Valid batch pixels: 1,154,890
  Batch min: 0.12
  Batch max: 16.56
  Sampling 7,949 pixels from batch...
  Sample size after final filter: 7,949

============================================================
Batch 1108/1439: Processing 500 files...
  Concatenating batch arrays...
  Filtering NaN/Inf...
  Valid batch pixels: 21,733,714
  Batch min: 0.12
  Batch max: 80.06
  Sampling 7,949 pixels from batch...
  Sample size after final filter: 7,949

============================================================
Batch 1109/1439: Processing 500 files...
  Concatenating batch arrays...
  Filtering NaN/Inf...
  Valid batch pixels: 10,865,374
  Batch min: 0.12
  Batch max: 21.12
  Sampling 7,949 pixels from batch...
  Sample size after final filter: 7,949

============================================================
Batch 1110/1439: Processing 500 files...
  Concatenating batch arrays...
  Filtering NaN/Inf...
  Valid batch pixels: 47,776
  Batch min: 0.12
  Batch max: 6.00
  Sampling 7,949 pixels from batch...
  Sample size after final filter: 7,949

============================================================
Batch 1111/1439: Processing 500 files...
  Concatenating batch arrays...
  Filtering NaN/Inf...
  Valid batch pixels: 1,979,445
  Batch min: 0.12
  Batch max: 49.69
  Sampling 7,949 pixels from batch...
  Sample size after final filter: 7,949

============================================================
Batch 1112/1439: Processing 500 files...
  Concatenating batch arrays...
  Filtering NaN/Inf...
  Valid batch pixels: 2,425,945
  Batch min: 0.12
  Batch max: 27.61
  Sampling 7,949 pixels from batch...
  Sample size after final filter: 7,949

============================================================
Batch 1113/1439: Processing 500 files...
  Concatenating batch arrays...
  Filtering NaN/Inf...
  Valid batch pixels: 41,027,057
  Batch min: 0.12
  Batch max: 240.38
  Sampling 7,949 pixels from batch...
  Sample size after final filter: 7,949

============================================================
Batch 1114/1439: Processing 500 files...
  Concatenating batch arrays...
  Filtering NaN/Inf...
  Valid batch pixels: 22,059,155
  Batch min: 0.12
  Batch max: 75.62
  Sampling 7,949 pixels from batch...
  Sample size after final filter: 7,949

============================================================
Batch 1115/1439: Processing 500 files...
  Concatenating batch arrays...
  Filtering NaN/Inf...
  Valid batch pixels: 29,209,714
  Batch min: 0.12
  Batch max: 57.69
  Sampling 7,949 pixels from batch...
  Sample size after final filter: 7,949

============================================================
Batch 1116/1439: Processing 500 files...
  Concatenating batch arrays...
  Filtering NaN/Inf...
  Valid batch pixels: 58,150,516
  Batch min: 0.12
  Batch max: 56.06
  Sampling 7,949 pixels from batch...
  Sample size after final filter: 7,949

============================================================
Batch 1117/1439: Processing 500 files...
  Concatenating batch arrays...
  Filtering NaN/Inf...
  Valid batch pixels: 10,980,211
  Batch min: 0.12
  Batch max: 105.25
  Sampling 7,949 pixels from batch...
  Sample size after final filter: 7,949

============================================================
Batch 1118/1439: Processing 500 files...
  Concatenating batch arrays...
  Filtering NaN/Inf...
  Valid batch pixels: 16,095,193
  Batch min: 0.12
  Batch max: 37.19
  Sampling 7,949 pixels from batch...
  Sample size after final filter: 7,949

============================================================
Batch 1119/1439: Processing 500 files...
  Concatenating batch arrays...
  Filtering NaN/Inf...
  Valid batch pixels: 17,552,364
  Batch min: 0.12
  Batch max: 97.25
  Sampling 7,949 pixels from batch...
  Sample size after final filter: 7,949

============================================================
Batch 1120/1439: Processing 500 files...
  Concatenating batch arrays...
  Filtering NaN/Inf...
  Valid batch pixels: 8,775,597
  Batch min: 0.12
  Batch max: 164.50
  Sampling 7,949 pixels from batch...
  Sample size after final filter: 7,949

============================================================
Batch 1121/1439: Processing 500 files...
  Concatenating batch arrays...
  Filtering NaN/Inf...
  Valid batch pixels: 2,167,414
  Batch min: 0.12
  Batch max: 56.53
  Sampling 7,949 pixels from batch...
  Sample size after final filter: 7,949

============================================================
Batch 1122/1439: Processing 500 files...
  Concatenating batch arrays...
  Filtering NaN/Inf...
  Valid batch pixels: 1,201,246
  Batch min: 0.12
  Batch max: 23.03
  Sampling 7,949 pixels from batch...
  Sample size after final filter: 7,949

============================================================
Batch 1123/1439: Processing 500 files...
  Concatenating batch arrays...
  Filtering NaN/Inf...
  Valid batch pixels: 9,138,379
  Batch min: 0.12
  Batch max: 29.88
  Sampling 7,949 pixels from batch...
  Sample size after final filter: 7,949

============================================================
Batch 1124/1439: Processing 500 files...
  Concatenating batch arrays...
  Filtering NaN/Inf...
  Valid batch pixels: 34,623,629
  Batch min: 0.12
  Batch max: 230.62
  Sampling 7,949 pixels from batch...
  Sample size after final filter: 7,949

============================================================
Batch 1125/1439: Processing 500 files...
  Concatenating batch arrays...
  Filtering NaN/Inf...
  Valid batch pixels: 43,963,242
  Batch min: 0.12
  Batch max: 105.56
  Sampling 7,949 pixels from batch...
  Sample size after final filter: 7,949

============================================================
Batch 1126/1439: Processing 500 files...
  Concatenating batch arrays...
  Filtering NaN/Inf...
  Valid batch pixels: 46,734,983
  Batch min: 0.12
  Batch max: 91.69
  Sampling 7,949 pixels from batch...
  Sample size after final filter: 7,949

============================================================
Batch 1127/1439: Processing 500 files...
  Concatenating batch arrays...
  Filtering NaN/Inf...
  Valid batch pixels: 54,690,322
  Batch min: 0.12
  Batch max: 65.50
  Sampling 7,949 pixels from batch...
  Sample size after final filter: 7,949

============================================================
Batch 1128/1439: Processing 500 files...
  Concatenating batch arrays...
  Filtering NaN/Inf...
  Valid batch pixels: 13,083,323
  Batch min: 0.12
  Batch max: 90.12
  Sampling 7,949 pixels from batch...
  Sample size after final filter: 7,949

============================================================
Batch 1129/1439: Processing 500 files...
  Concatenating batch arrays...
  Filtering NaN/Inf...
  Valid batch pixels: 20,708,136
  Batch min: 0.12
  Batch max: 123.12
  Sampling 7,949 pixels from batch...
  Sample size after final filter: 7,949

============================================================
Batch 1130/1439: Processing 500 files...
  Concatenating batch arrays...
  Filtering NaN/Inf...
  Valid batch pixels: 64,157,796
  Batch min: 0.12
  Batch max: 212.50
  Sampling 7,949 pixels from batch...
  Sample size after final filter: 7,949

============================================================
Batch 1131/1439: Processing 500 files...
  Concatenating batch arrays...
  Filtering NaN/Inf...
  Valid batch pixels: 42,490,798
  Batch min: 0.12
  Batch max: 112.25
  Sampling 7,949 pixels from batch...
  Sample size after final filter: 7,949

============================================================
Batch 1132/1439: Processing 500 files...
  Concatenating batch arrays...
  Filtering NaN/Inf...
  Valid batch pixels: 34,361,212
  Batch min: 0.12
  Batch max: 189.50
  Sampling 7,949 pixels from batch...
  Sample size after final filter: 7,949

============================================================
Batch 1133/1439: Processing 500 files...
  Concatenating batch arrays...
  Filtering NaN/Inf...
  Valid batch pixels: 28,178,693
  Batch min: 0.12
  Batch max: 137.75
  Sampling 7,949 pixels from batch...
  Sample size after final filter: 7,949

============================================================
Batch 1134/1439: Processing 500 files...
  Concatenating batch arrays...
  Filtering NaN/Inf...
  Valid batch pixels: 13,262,143
  Batch min: 0.12
  Batch max: 111.00
  Sampling 7,949 pixels from batch...
  Sample size after final filter: 7,949

============================================================
Batch 1135/1439: Processing 500 files...
  Concatenating batch arrays...
  Filtering NaN/Inf...
  Valid batch pixels: 34,950,519
  Batch min: 0.12
  Batch max: 127.25
  Sampling 7,949 pixels from batch...
  Sample size after final filter: 7,949

============================================================
Batch 1136/1439: Processing 500 files...
  Concatenating batch arrays...
  Filtering NaN/Inf...
  Valid batch pixels: 35,473,735
  Batch min: 0.12
  Batch max: 161.00
  Sampling 7,949 pixels from batch...
  Sample size after final filter: 7,949

============================================================
Batch 1137/1439: Processing 500 files...
  Concatenating batch arrays...
  Filtering NaN/Inf...
  Valid batch pixels: 44,195,080
  Batch min: 0.12
  Batch max: 120.56
  Sampling 7,949 pixels from batch...
  Sample size after final filter: 7,949

============================================================
Batch 1138/1439: Processing 500 files...
  Concatenating batch arrays...
  Filtering NaN/Inf...
  Valid batch pixels: 3,287,368
  Batch min: 0.12
  Batch max: 99.00
  Sampling 7,949 pixels from batch...
  Sample size after final filter: 7,949

============================================================
Batch 1139/1439: Processing 500 files...
  Concatenating batch arrays...
  Filtering NaN/Inf...
  Valid batch pixels: 1,175,895
  Batch min: 0.12
  Batch max: 122.44
  Sampling 7,949 pixels from batch...
  Sample size after final filter: 7,949

============================================================
Batch 1140/1439: Processing 500 files...
  Concatenating batch arrays...
  Filtering NaN/Inf...
  Valid batch pixels: 8,622,321
  Batch min: 0.12
  Batch max: 254.75
  Sampling 7,949 pixels from batch...
  Sample size after final filter: 7,949

============================================================
Batch 1141/1439: Processing 500 files...
  Concatenating batch arrays...
  Filtering NaN/Inf...
  Valid batch pixels: 20,098,377
  Batch min: 0.12
  Batch max: 480.75
  Sampling 7,949 pixels from batch...
  Sample size after final filter: 7,949

============================================================
Batch 1142/1439: Processing 500 files...
  Concatenating batch arrays...
  Filtering NaN/Inf...
  Valid batch pixels: 27,328,863
  Batch min: 0.12
  Batch max: 291.25
  Sampling 7,949 pixels from batch...
  Sample size after final filter: 7,949

============================================================
Batch 1143/1439: Processing 500 files...
  Concatenating batch arrays...
  Filtering NaN/Inf...
  Valid batch pixels: 10,228,635
  Batch min: 0.12
  Batch max: 236.75
  Sampling 7,949 pixels from batch...
  Sample size after final filter: 7,949

============================================================
Batch 1144/1439: Processing 500 files...
  Concatenating batch arrays...
  Filtering NaN/Inf...
  Valid batch pixels: 9,845,632
  Batch min: 0.12
  Batch max: 300.25
  Sampling 7,949 pixels from batch...
  Sample size after final filter: 7,949

============================================================
Batch 1145/1439: Processing 500 files...
  Concatenating batch arrays...
  Filtering NaN/Inf...
  Valid batch pixels: 2,871,012
  Batch min: 0.12
  Batch max: 119.12
  Sampling 7,949 pixels from batch...
  Sample size after final filter: 7,949

============================================================
Batch 1146/1439: Processing 500 files...
  Concatenating batch arrays...
  Filtering NaN/Inf...
  Valid batch pixels: 1,514,877
  Batch min: 0.12
  Batch max: 145.25
  Sampling 7,949 pixels from batch...
  Sample size after final filter: 7,949

============================================================
Batch 1147/1439: Processing 500 files...
  Concatenating batch arrays...
  Filtering NaN/Inf...
  Valid batch pixels: 197,223
  Batch min: 0.12
  Batch max: 18.97
  Sampling 7,949 pixels from batch...
  Sample size after final filter: 7,949

============================================================
Batch 1148/1439: Processing 500 files...
  Concatenating batch arrays...
  Filtering NaN/Inf...
  Valid batch pixels: 37,294
  Batch min: 0.12
  Batch max: 92.62
  Sampling 7,949 pixels from batch...
  Sample size after final filter: 7,949

============================================================
Batch 1149/1439: Processing 500 files...
  Concatenating batch arrays...
  Filtering NaN/Inf...
  Valid batch pixels: 2,186,404
  Batch min: 0.12
  Batch max: 232.88
  Sampling 7,949 pixels from batch...
  Sample size after final filter: 7,949

============================================================
Batch 1150/1439: Processing 500 files...
  Concatenating batch arrays...
  Filtering NaN/Inf...
  Valid batch pixels: 24,253,133
  Batch min: 0.12
  Batch max: 394.00
  Sampling 7,949 pixels from batch...
  Sample size after final filter: 7,949

============================================================
Batch 1151/1439: Processing 500 files...
  Concatenating batch arrays...
  Filtering NaN/Inf...
  Valid batch pixels: 23,966,819
  Batch min: 0.12
  Batch max: 488.50
  Sampling 7,949 pixels from batch...
  Sample size after final filter: 7,949

============================================================
Batch 1152/1439: Processing 500 files...
  Concatenating batch arrays...
  Filtering NaN/Inf...
  Valid batch pixels: 26,181,592
  Batch min: 0.12
  Batch max: 380.00
  Sampling 7,949 pixels from batch...
  Sample size after final filter: 7,949

============================================================
Batch 1153/1439: Processing 500 files...
  Concatenating batch arrays...
  Filtering NaN/Inf...
  Valid batch pixels: 12,279,071
  Batch min: 0.12
  Batch max: 269.50
  Sampling 7,949 pixels from batch...
  Sample size after final filter: 7,949

============================================================
Batch 1154/1439: Processing 500 files...
  Concatenating batch arrays...
  Filtering NaN/Inf...
  Valid batch pixels: 6,960,089
  Batch min: 0.12
  Batch max: 228.75
  Sampling 7,949 pixels from batch...
  Sample size after final filter: 7,949

============================================================
Batch 1155/1439: Processing 500 files...
  Concatenating batch arrays...
  Filtering NaN/Inf...
  Valid batch pixels: 36,083,617
  Batch min: 0.12
  Batch max: 485.25
  Sampling 7,949 pixels from batch...
  Sample size after final filter: 7,949

============================================================
Batch 1156/1439: Processing 500 files...
  Concatenating batch arrays...
  Filtering NaN/Inf...
  Valid batch pixels: 46,955,164
  Batch min: 0.12
  Batch max: 296.75
  Sampling 7,949 pixels from batch...
  Sample size after final filter: 7,949

============================================================
Batch 1157/1439: Processing 500 files...
  Concatenating batch arrays...
  Filtering NaN/Inf...
  Valid batch pixels: 12,405,270
  Batch min: 0.12
  Batch max: 163.75
  Sampling 7,949 pixels from batch...
  Sample size after final filter: 7,949

============================================================
Batch 1158/1439: Processing 500 files...
  Concatenating batch arrays...
  Filtering NaN/Inf...
  Valid batch pixels: 28,689,455
  Batch min: 0.12
  Batch max: 272.00
  Sampling 7,949 pixels from batch...
  Sample size after final filter: 7,949

============================================================
Batch 1159/1439: Processing 500 files...
  Concatenating batch arrays...
  Filtering NaN/Inf...
  Valid batch pixels: 43,106,486
  Batch min: 0.12
  Batch max: 293.00
  Sampling 7,949 pixels from batch...
  Sample size after final filter: 7,949

============================================================
Batch 1160/1439: Processing 500 files...
  Concatenating batch arrays...
  Filtering NaN/Inf...
  Valid batch pixels: 34,227,009
  Batch min: 0.12
  Batch max: 245.50
  Sampling 7,949 pixels from batch...
  Sample size after final filter: 7,949

============================================================
Batch 1161/1439: Processing 500 files...
  Concatenating batch arrays...
  Filtering NaN/Inf...
  Valid batch pixels: 35,593,534
  Batch min: 0.12
  Batch max: 296.25
  Sampling 7,949 pixels from batch...
  Sample size after final filter: 7,949

============================================================
Batch 1162/1439: Processing 500 files...
  Concatenating batch arrays...
  Filtering NaN/Inf...
  Valid batch pixels: 18,119,440
  Batch min: 0.12
  Batch max: 266.75
  Sampling 7,949 pixels from batch...
  Sample size after final filter: 7,949

============================================================
Batch 1163/1439: Processing 500 files...
  Concatenating batch arrays...
  Filtering NaN/Inf...
  Valid batch pixels: 10,269,116
  Batch min: 0.12
  Batch max: 208.00
  Sampling 7,949 pixels from batch...
  Sample size after final filter: 7,949

============================================================
Batch 1164/1439: Processing 500 files...
  Concatenating batch arrays...
  Filtering NaN/Inf...
  Valid batch pixels: 30,778,330
  Batch min: 0.12
  Batch max: 345.00
  Sampling 7,949 pixels from batch...
  Sample size after final filter: 7,949

============================================================
Batch 1165/1439: Processing 500 files...
  Concatenating batch arrays...
  Filtering NaN/Inf...
  Valid batch pixels: 23,837,925
  Batch min: 0.12
  Batch max: 196.88
  Sampling 7,949 pixels from batch...
  Sample size after final filter: 7,949

============================================================
Batch 1166/1439: Processing 500 files...
  Concatenating batch arrays...
  Filtering NaN/Inf...
  Valid batch pixels: 32,977,639
  Batch min: 0.12
  Batch max: 245.75
  Sampling 7,949 pixels from batch...
  Sample size after final filter: 7,949

============================================================
Batch 1167/1439: Processing 500 files...
  Concatenating batch arrays...
  Filtering NaN/Inf...
  Valid batch pixels: 25,535,993
  Batch min: 0.12
  Batch max: 430.50
  Sampling 7,949 pixels from batch...
  Sample size after final filter: 7,949

============================================================
Batch 1168/1439: Processing 500 files...
  Concatenating batch arrays...
  Filtering NaN/Inf...
  Valid batch pixels: 11,131,765
  Batch min: 0.12
  Batch max: 191.50
  Sampling 7,949 pixels from batch...
  Sample size after final filter: 7,949

============================================================
Batch 1169/1439: Processing 500 files...
  Concatenating batch arrays...
  Filtering NaN/Inf...
  Valid batch pixels: 9,835,519
  Batch min: 0.12
  Batch max: 280.50
  Sampling 7,949 pixels from batch...
  Sample size after final filter: 7,949

============================================================
Batch 1170/1439: Processing 500 files...
  Concatenating batch arrays...
  Filtering NaN/Inf...
  Valid batch pixels: 527,835
  Batch min: 0.12
  Batch max: 152.75
  Sampling 7,949 pixels from batch...
  Sample size after final filter: 7,949

============================================================
Batch 1171/1439: Processing 500 files...
  Concatenating batch arrays...
  Filtering NaN/Inf...
  Valid batch pixels: 1,147,823
  Batch min: 0.12
  Batch max: 343.50
  Sampling 7,949 pixels from batch...
  Sample size after final filter: 7,949

============================================================
Batch 1172/1439: Processing 500 files...
  Concatenating batch arrays...
  Filtering NaN/Inf...
  Valid batch pixels: 17,550,811
  Batch min: 0.12
  Batch max: 266.25
  Sampling 7,949 pixels from batch...
  Sample size after final filter: 7,949

============================================================
Batch 1173/1439: Processing 500 files...
  Concatenating batch arrays...
  Filtering NaN/Inf...
  Valid batch pixels: 24,240,696
  Batch min: 0.12
  Batch max: 102.50
  Sampling 7,949 pixels from batch...
  Sample size after final filter: 7,949

============================================================
Batch 1174/1439: Processing 500 files...
  Concatenating batch arrays...
  Filtering NaN/Inf...
  Valid batch pixels: 3,375,676
  Batch min: 0.12
  Batch max: 109.25
  Sampling 7,949 pixels from batch...
  Sample size after final filter: 7,949

============================================================
Batch 1175/1439: Processing 500 files...
  Concatenating batch arrays...
  Filtering NaN/Inf...
  Valid batch pixels: 5,286,695
  Batch min: 0.12
  Batch max: 238.00
  Sampling 7,949 pixels from batch...
  Sample size after final filter: 7,949

============================================================
Batch 1176/1439: Processing 500 files...
  Concatenating batch arrays...
  Filtering NaN/Inf...
  Valid batch pixels: 39,661,921
  Batch min: 0.12
  Batch max: 314.75
  Sampling 7,949 pixels from batch...
  Sample size after final filter: 7,949

============================================================
Batch 1177/1439: Processing 500 files...
  Concatenating batch arrays...
  Filtering NaN/Inf...
  Valid batch pixels: 3,884,608
  Batch min: 0.12
  Batch max: 137.50
  Sampling 7,949 pixels from batch...
  Sample size after final filter: 7,949

============================================================
Batch 1178/1439: Processing 500 files...
  Concatenating batch arrays...
  Filtering NaN/Inf...
  Valid batch pixels: 24,435,219
  Batch min: 0.12
  Batch max: 138.00
  Sampling 7,949 pixels from batch...
  Sample size after final filter: 7,949

============================================================
Batch 1179/1439: Processing 500 files...
  Concatenating batch arrays...
  Filtering NaN/Inf...
  Valid batch pixels: 35,912,302
  Batch min: 0.12
  Batch max: 150.75
  Sampling 7,949 pixels from batch...
  Sample size after final filter: 7,949

============================================================
Batch 1180/1439: Processing 500 files...
  Concatenating batch arrays...
  Filtering NaN/Inf...
  Valid batch pixels: 42,622,409
  Batch min: 0.12
  Batch max: 104.88
  Sampling 7,949 pixels from batch...
  Sample size after final filter: 7,949

============================================================
Batch 1181/1439: Processing 500 files...
  Concatenating batch arrays...
  Filtering NaN/Inf...
  Valid batch pixels: 6,673,233
  Batch min: 0.12
  Batch max: 87.94
  Sampling 7,949 pixels from batch...
  Sample size after final filter: 7,949

============================================================
Batch 1182/1439: Processing 500 files...
  Concatenating batch arrays...
  Filtering NaN/Inf...
  Valid batch pixels: 26,440
  Batch min: 0.12
  Batch max: 19.92
  Sampling 7,949 pixels from batch...
  Sample size after final filter: 7,949

============================================================
Batch 1183/1439: Processing 500 files...
  Concatenating batch arrays...
  Filtering NaN/Inf...
  Valid batch pixels: 297,656
  Batch min: 0.12
  Batch max: 126.94
  Sampling 7,949 pixels from batch...
  Sample size after final filter: 7,949

============================================================
Batch 1184/1439: Processing 500 files...
  Concatenating batch arrays...
  Filtering NaN/Inf...
  Valid batch pixels: 258,960
  Batch min: 0.12
  Batch max: 110.44
  Sampling 7,949 pixels from batch...
  Sample size after final filter: 7,949

============================================================
Batch 1185/1439: Processing 500 files...
  Concatenating batch arrays...
  Filtering NaN/Inf...
  Valid batch pixels: 101,049
  Batch min: 0.12
  Batch max: 66.50
  Sampling 7,949 pixels from batch...
  Sample size after final filter: 7,949

============================================================
Batch 1186/1439: Processing 500 files...
  Concatenating batch arrays...
  Filtering NaN/Inf...
  Valid batch pixels: 3,076,481
  Batch min: 0.12
  Batch max: 164.50
  Sampling 7,949 pixels from batch...
  Sample size after final filter: 7,949

============================================================
Batch 1187/1439: Processing 500 files...
  Concatenating batch arrays...
  Filtering NaN/Inf...
  Valid batch pixels: 16,227,981
  Batch min: 0.12
  Batch max: 362.00
  Sampling 7,949 pixels from batch...
  Sample size after final filter: 7,949

============================================================
Batch 1188/1439: Processing 500 files...
  Concatenating batch arrays...
  Filtering NaN/Inf...
  Valid batch pixels: 753,117
  Batch min: 0.12
  Batch max: 186.00
  Sampling 7,949 pixels from batch...
  Sample size after final filter: 7,949

============================================================
Batch 1189/1439: Processing 500 files...
  Concatenating batch arrays...
  Filtering NaN/Inf...
  Valid batch pixels: 22,709,932
  Batch min: 0.12
  Batch max: 165.38
  Sampling 7,949 pixels from batch...
  Sample size after final filter: 7,949

============================================================
Batch 1190/1439: Processing 500 files...
  Concatenating batch arrays...
  Filtering NaN/Inf...
  Valid batch pixels: 20,425,289
  Batch min: 0.12
  Batch max: 182.12
  Sampling 7,949 pixels from batch...
  Sample size after final filter: 7,949

============================================================
Batch 1191/1439: Processing 500 files...
  Concatenating batch arrays...
  Filtering NaN/Inf...
  Valid batch pixels: 784,316
  Batch min: 0.12
  Batch max: 57.25
  Sampling 7,949 pixels from batch...
  Sample size after final filter: 7,949

============================================================
Batch 1192/1439: Processing 500 files...
  Concatenating batch arrays...
  Filtering NaN/Inf...
  Valid batch pixels: 8,866,551
  Batch min: 0.12
  Batch max: 46.94
  Sampling 7,949 pixels from batch...
  Sample size after final filter: 7,949

============================================================
Batch 1193/1439: Processing 500 files...
  Concatenating batch arrays...
  Filtering NaN/Inf...
  Valid batch pixels: 3,075,446
  Batch min: 0.12
  Batch max: 73.06
  Sampling 7,949 pixels from batch...
  Sample size after final filter: 7,949

============================================================
Batch 1194/1439: Processing 500 files...
  Concatenating batch arrays...
  Filtering NaN/Inf...
  Valid batch pixels: 1,782,993
  Batch min: 0.12
  Batch max: 41.16
  Sampling 7,949 pixels from batch...
  Sample size after final filter: 7,949

============================================================
Batch 1195/1439: Processing 500 files...
  Concatenating batch arrays...
  Filtering NaN/Inf...
  Valid batch pixels: 1,302,737
  Batch min: 0.12
  Batch max: 54.94
  Sampling 7,949 pixels from batch...
  Sample size after final filter: 7,949

============================================================
Batch 1196/1439: Processing 500 files...
  Concatenating batch arrays...
  Filtering NaN/Inf...
  Valid batch pixels: 18,533,974
  Batch min: 0.12
  Batch max: 160.00
  Sampling 7,949 pixels from batch...
  Sample size after final filter: 7,949

============================================================
Batch 1197/1439: Processing 500 files...
  Concatenating batch arrays...
  Filtering NaN/Inf...
  Valid batch pixels: 16,395,438
  Batch min: 0.12
  Batch max: 136.62
  Sampling 7,949 pixels from batch...
  Sample size after final filter: 7,949

============================================================
Batch 1198/1439: Processing 500 files...
  Concatenating batch arrays...
  Filtering NaN/Inf...
  Valid batch pixels: 12,283,391
  Batch min: 0.12
  Batch max: 82.31
  Sampling 7,949 pixels from batch...
  Sample size after final filter: 7,949

============================================================
Batch 1199/1439: Processing 500 files...
  Concatenating batch arrays...
  Filtering NaN/Inf...
  Valid batch pixels: 14,048,482
  Batch min: 0.12
  Batch max: 33.97
  Sampling 7,949 pixels from batch...
  Sample size after final filter: 7,949

============================================================
Batch 1200/1439: Processing 500 files...
  Concatenating batch arrays...
  Filtering NaN/Inf...
  Valid batch pixels: 36,171,954
  Batch min: 0.12
  Batch max: 47.75
  Sampling 7,949 pixels from batch...
  Sample size after final filter: 7,949

============================================================
Batch 1201/1439: Processing 500 files...
  Concatenating batch arrays...
  Filtering NaN/Inf...
  Valid batch pixels: 46,773,824
  Batch min: 0.12
  Batch max: 115.25
  Sampling 7,949 pixels from batch...
  Sample size after final filter: 7,949

============================================================
Batch 1202/1439: Processing 500 files...
  Concatenating batch arrays...
  Filtering NaN/Inf...
  Valid batch pixels: 7,447,177
  Batch min: 0.12
  Batch max: 93.94
  Sampling 7,949 pixels from batch...
  Sample size after final filter: 7,949

============================================================
Batch 1203/1439: Processing 500 files...
  Concatenating batch arrays...
  Filtering NaN/Inf...
  Valid batch pixels: 251,783
  Batch min: 0.12
  Batch max: 8.41
  Sampling 7,949 pixels from batch...
  Sample size after final filter: 7,949

============================================================
Batch 1204/1439: Processing 500 files...
  Concatenating batch arrays...
  Filtering NaN/Inf...
  Valid batch pixels: 1,835,813
  Batch min: 0.12
  Batch max: 111.75
  Sampling 7,949 pixels from batch...
  Sample size after final filter: 7,949

============================================================
Batch 1205/1439: Processing 500 files...
  Concatenating batch arrays...
  Filtering NaN/Inf...
  Valid batch pixels: 25,825,350
  Batch min: 0.12
  Batch max: 87.62
  Sampling 7,949 pixels from batch...
  Sample size after final filter: 7,949

============================================================
Batch 1206/1439: Processing 500 files...
  Concatenating batch arrays...
  Filtering NaN/Inf...
  Valid batch pixels: 8,492,540
  Batch min: 0.12
  Batch max: 80.62
  Sampling 7,949 pixels from batch...
  Sample size after final filter: 7,949

============================================================
Batch 1207/1439: Processing 500 files...
  Concatenating batch arrays...
  Filtering NaN/Inf...
  Valid batch pixels: 7,049,349
  Batch min: 0.12
  Batch max: 63.12
  Sampling 7,949 pixels from batch...
  Sample size after final filter: 7,949

============================================================
Batch 1208/1439: Processing 500 files...
  Concatenating batch arrays...
  Filtering NaN/Inf...
  Valid batch pixels: 8,038,422
  Batch min: 0.12
  Batch max: 54.94
  Sampling 7,949 pixels from batch...
  Sample size after final filter: 7,949

============================================================
Batch 1209/1439: Processing 500 files...
  Concatenating batch arrays...
  Filtering NaN/Inf...
  Valid batch pixels: 10,418,099
  Batch min: 0.12
  Batch max: 53.38
  Sampling 7,949 pixels from batch...
  Sample size after final filter: 7,949

============================================================
Batch 1210/1439: Processing 500 files...
  Concatenating batch arrays...
  Filtering NaN/Inf...
  Valid batch pixels: 42,121,385
  Batch min: 0.12
  Batch max: 227.75
  Sampling 7,949 pixels from batch...
  Sample size after final filter: 7,949

============================================================
Batch 1211/1439: Processing 500 files...
  Concatenating batch arrays...
  Filtering NaN/Inf...
  Valid batch pixels: 11,111,783
  Batch min: 0.12
  Batch max: 60.38
  Sampling 7,949 pixels from batch...
  Sample size after final filter: 7,949

============================================================
Batch 1212/1439: Processing 500 files...
  Concatenating batch arrays...
  Filtering NaN/Inf...
  Valid batch pixels: 670,931
  Batch min: 0.12
  Batch max: 33.34
  Sampling 7,949 pixels from batch...
  Sample size after final filter: 7,949

============================================================
Batch 1213/1439: Processing 500 files...
  Concatenating batch arrays...
  Filtering NaN/Inf...
  Valid batch pixels: 4,045,777
  Batch min: 0.12
  Batch max: 78.12
  Sampling 7,949 pixels from batch...
  Sample size after final filter: 7,949

============================================================
Batch 1214/1439: Processing 500 files...
  Concatenating batch arrays...
  Filtering NaN/Inf...
  Valid batch pixels: 3,444
  Batch min: 0.12
  Batch max: 3.84
  Sample size after final filter: 3,444

============================================================
Batch 1215/1439: Processing 500 files...
  Concatenating batch arrays...
  Filtering NaN/Inf...
  Valid batch pixels: 18,507,678
  Batch min: 0.12
  Batch max: 33.47
  Sampling 7,949 pixels from batch...
  Sample size after final filter: 7,949

============================================================
Batch 1216/1439: Processing 500 files...
  Concatenating batch arrays...
  Filtering NaN/Inf...
  Valid batch pixels: 25,555,500
  Batch min: 0.12
  Batch max: 118.38
  Sampling 7,949 pixels from batch...
  Sample size after final filter: 7,949

============================================================
Batch 1217/1439: Processing 500 files...
  Concatenating batch arrays...
  Filtering NaN/Inf...
  Valid batch pixels: 38,609,443
  Batch min: 0.12
  Batch max: 62.38
  Sampling 7,949 pixels from batch...
  Sample size after final filter: 7,949

============================================================
Batch 1218/1439: Processing 500 files...
  Concatenating batch arrays...
  Filtering NaN/Inf...
  Valid batch pixels: 76,693,845
  Batch min: 0.12
  Batch max: 53.88
  Sampling 7,949 pixels from batch...
  Sample size after final filter: 7,949

============================================================
Batch 1219/1439: Processing 500 files...
  Concatenating batch arrays...
  Filtering NaN/Inf...
  Valid batch pixels: 8,837,002
  Batch min: 0.12
  Batch max: 72.94
  Sampling 7,949 pixels from batch...
  Sample size after final filter: 7,949

============================================================
Batch 1220/1439: Processing 500 files...
  Concatenating batch arrays...
  Filtering NaN/Inf...
  Valid batch pixels: 10,525,955
  Batch min: 0.12
  Batch max: 107.75
  Sampling 7,949 pixels from batch...
  Sample size after final filter: 7,949

============================================================
Batch 1221/1439: Processing 500 files...
  Concatenating batch arrays...
  Filtering NaN/Inf...
  Valid batch pixels: 22,771,948
  Batch min: 0.12
  Batch max: 50.38
  Sampling 7,949 pixels from batch...
  Sample size after final filter: 7,949

============================================================
Batch 1222/1439: Processing 500 files...
  Concatenating batch arrays...
  Filtering NaN/Inf...
  Valid batch pixels: 24,493,726
  Batch min: 0.12
  Batch max: 92.38
  Sampling 7,949 pixels from batch...
  Sample size after final filter: 7,949

============================================================
Batch 1223/1439: Processing 500 files...
  Concatenating batch arrays...
  Filtering NaN/Inf...
  Valid batch pixels: 11,939,565
  Batch min: 0.12
  Batch max: 68.38
  Sampling 7,949 pixels from batch...
  Sample size after final filter: 7,949

============================================================
Batch 1224/1439: Processing 500 files...
  Concatenating batch arrays...
  Filtering NaN/Inf...
  Valid batch pixels: 636,581
  Batch min: 0.12
  Batch max: 18.97
  Sampling 7,949 pixels from batch...
  Sample size after final filter: 7,949

============================================================
Batch 1225/1439: Processing 500 files...
  Concatenating batch arrays...
  Filtering NaN/Inf...
  Valid batch pixels: 135,884
  Batch min: 0.12
  Batch max: 13.20
  Sampling 7,949 pixels from batch...
  Sample size after final filter: 7,949

============================================================
Batch 1226/1439: Processing 500 files...
  Concatenating batch arrays...
  Filtering NaN/Inf...
  Valid batch pixels: 2,576
  Batch min: 0.12
  Batch max: 1.80
  Sample size after final filter: 2,576

============================================================
Batch 1227/1439: Processing 500 files...
  Concatenating batch arrays...
  Filtering NaN/Inf...
  Valid batch pixels: 1,156,013
  Batch min: 0.12
  Batch max: 42.72
  Sampling 7,949 pixels from batch...
  Sample size after final filter: 7,949

============================================================
Batch 1228/1439: Processing 500 files...
  Concatenating batch arrays...
  Filtering NaN/Inf...
  Valid batch pixels: 2,974,056
  Batch min: 0.12
  Batch max: 23.16
  Sampling 7,949 pixels from batch...
  Sample size after final filter: 7,949

============================================================
Batch 1229/1439: Processing 500 files...
  Concatenating batch arrays...
  Filtering NaN/Inf...
  Valid batch pixels: 60,312,767
  Batch min: 0.12
  Batch max: 98.44
  Sampling 7,949 pixels from batch...
  Sample size after final filter: 7,949

============================================================
Batch 1230/1439: Processing 500 files...
  Concatenating batch arrays...
  Filtering NaN/Inf...
  Valid batch pixels: 21,509,812
  Batch min: 0.12
  Batch max: 47.75
  Sampling 7,949 pixels from batch...
  Sample size after final filter: 7,949

============================================================
Batch 1231/1439: Processing 500 files...
  Concatenating batch arrays...
  Filtering NaN/Inf...
  Valid batch pixels: 32,715,542
  Batch min: 0.12
  Batch max: 136.25
  Sampling 7,949 pixels from batch...
  Sample size after final filter: 7,949

============================================================
Batch 1232/1439: Processing 500 files...
  Concatenating batch arrays...
  Filtering NaN/Inf...
  Valid batch pixels: 29,248,410
  Batch min: 0.12
  Batch max: 102.00
  Sampling 7,949 pixels from batch...
  Sample size after final filter: 7,949

============================================================
Batch 1233/1439: Processing 500 files...
  Concatenating batch arrays...
  Filtering NaN/Inf...
  Valid batch pixels: 17,589,828
  Batch min: 0.12
  Batch max: 110.12
  Sampling 7,949 pixels from batch...
  Sample size after final filter: 7,949

============================================================
Batch 1234/1439: Processing 500 files...
  Concatenating batch arrays...
  Filtering NaN/Inf...
  Valid batch pixels: 7,929,110
  Batch min: 0.12
  Batch max: 58.78
  Sampling 7,949 pixels from batch...
  Sample size after final filter: 7,949

============================================================
Batch 1235/1439: Processing 500 files...
  Concatenating batch arrays...
  Filtering NaN/Inf...
  Valid batch pixels: 83,746
  Batch min: 0.12
  Batch max: 19.67
  Sampling 7,949 pixels from batch...
  Sample size after final filter: 7,949

============================================================
Batch 1236/1439: Processing 500 files...
  Concatenating batch arrays...
  Filtering NaN/Inf...
  Valid batch pixels: 1,750,849
  Batch min: 0.12
  Batch max: 31.19
  Sampling 7,949 pixels from batch...
  Sample size after final filter: 7,949

============================================================
Batch 1237/1439: Processing 500 files...
  Concatenating batch arrays...
  Filtering NaN/Inf...
  Valid batch pixels: 18,090,471
  Batch min: 0.12
  Batch max: 76.06
  Sampling 7,949 pixels from batch...
  Sample size after final filter: 7,949

============================================================
Batch 1238/1439: Processing 500 files...
  Concatenating batch arrays...
  Filtering NaN/Inf...
  Valid batch pixels: 27,910,772
  Batch min: 0.12
  Batch max: 82.75
  Sampling 7,949 pixels from batch...
  Sample size after final filter: 7,949

============================================================
Batch 1239/1439: Processing 500 files...
  Concatenating batch arrays...
  Filtering NaN/Inf...
  Valid batch pixels: 51,324,942
  Batch min: 0.12
  Batch max: 116.25
  Sampling 7,949 pixels from batch...
  Sample size after final filter: 7,949

============================================================
Batch 1240/1439: Processing 500 files...
  Concatenating batch arrays...
  Filtering NaN/Inf...
  Valid batch pixels: 34,507,162
  Batch min: 0.12
  Batch max: 91.31
  Sampling 7,949 pixels from batch...
  Sample size after final filter: 7,949

============================================================
Batch 1241/1439: Processing 500 files...
  Concatenating batch arrays...
  Filtering NaN/Inf...
  Valid batch pixels: 18,161,239
  Batch min: 0.12
  Batch max: 96.25
  Sampling 7,949 pixels from batch...
  Sample size after final filter: 7,949

============================================================
Batch 1242/1439: Processing 500 files...
  Concatenating batch arrays...
  Filtering NaN/Inf...
  Valid batch pixels: 514,785
  Batch min: 0.12
  Batch max: 23.64
  Sampling 7,949 pixels from batch...
  Sample size after final filter: 7,949

============================================================
Batch 1243/1439: Processing 500 files...
  Concatenating batch arrays...
  Filtering NaN/Inf...
  Valid batch pixels: 5,441,115
  Batch min: 0.12
  Batch max: 22.67
  Sampling 7,949 pixels from batch...
  Sample size after final filter: 7,949

============================================================
Batch 1244/1439: Processing 500 files...
  Concatenating batch arrays...
  Filtering NaN/Inf...
  Valid batch pixels: 90,454
  Batch min: 0.12
  Batch max: 6.24
  Sampling 7,949 pixels from batch...
  Sample size after final filter: 7,949

============================================================
Batch 1245/1439: Processing 500 files...
  Concatenating batch arrays...
  Filtering NaN/Inf...
  Valid batch pixels: 13,274
  Batch min: 0.12
  Batch max: 8.52
  Sampling 7,949 pixels from batch...
  Sample size after final filter: 7,949

============================================================
Batch 1246/1439: Processing 500 files...
  Concatenating batch arrays...
  Filtering NaN/Inf...
  Valid batch pixels: 4,431
  Batch min: 0.12
  Batch max: 4.20
  Sample size after final filter: 4,431

============================================================
Batch 1247/1439: Processing 500 files...
  Concatenating batch arrays...
  Filtering NaN/Inf...
  Valid batch pixels: 14,234,530
  Batch min: 0.12
  Batch max: 68.38
  Sampling 7,949 pixels from batch...
  Sample size after final filter: 7,949

============================================================
Batch 1248/1439: Processing 500 files...
  Concatenating batch arrays...
  Filtering NaN/Inf...
  Valid batch pixels: 10,185,394
  Batch min: 0.12
  Batch max: 72.25
  Sampling 7,949 pixels from batch...
  Sample size after final filter: 7,949

============================================================
Batch 1249/1439: Processing 500 files...
  Concatenating batch arrays...
  Filtering NaN/Inf...
  Valid batch pixels: 3,916,767
  Batch min: 0.12
  Batch max: 42.00
  Sampling 7,949 pixels from batch...
  Sample size after final filter: 7,949

============================================================
Batch 1250/1439: Processing 500 files...
  Concatenating batch arrays...
  Filtering NaN/Inf...
  Valid batch pixels: 29,881,940
  Batch min: 0.12
  Batch max: 93.69
  Sampling 7,949 pixels from batch...
  Sample size after final filter: 7,949

============================================================
Batch 1251/1439: Processing 500 files...
  Concatenating batch arrays...
  Filtering NaN/Inf...
  Valid batch pixels: 11,783,744
  Batch min: 0.12
  Batch max: 79.06
  Sampling 7,949 pixels from batch...
  Sample size after final filter: 7,949

============================================================
Batch 1252/1439: Processing 500 files...
  Concatenating batch arrays...
  Filtering NaN/Inf...
  Valid batch pixels: 4,988,530
  Batch min: 0.12
  Batch max: 98.62
  Sampling 7,949 pixels from batch...
  Sample size after final filter: 7,949

============================================================
Batch 1253/1439: Processing 500 files...
  Concatenating batch arrays...
  Filtering NaN/Inf...
  Valid batch pixels: 6,052,487
  Batch min: 0.12
  Batch max: 104.12
  Sampling 7,949 pixels from batch...
  Sample size after final filter: 7,949

============================================================
Batch 1254/1439: Processing 500 files...
  Concatenating batch arrays...
  Filtering NaN/Inf...
  Valid batch pixels: 19,953,105
  Batch min: 0.12
  Batch max: 251.25
  Sampling 7,949 pixels from batch...
  Sample size after final filter: 7,949

============================================================
Batch 1255/1439: Processing 500 files...
  Concatenating batch arrays...
  Filtering NaN/Inf...
  Valid batch pixels: 8,738,847
  Batch min: 0.12
  Batch max: 201.38
  Sampling 7,949 pixels from batch...
  Sample size after final filter: 7,949

============================================================
Batch 1256/1439: Processing 500 files...
  Concatenating batch arrays...
  Filtering NaN/Inf...
  Valid batch pixels: 2,005,299
  Batch min: 0.12
  Batch max: 94.25
  Sampling 7,949 pixels from batch...
  Sample size after final filter: 7,949

============================================================
Batch 1257/1439: Processing 500 files...
  Concatenating batch arrays...
  Filtering NaN/Inf...
  Valid batch pixels: 7,640,824
  Batch min: 0.12
  Batch max: 91.44
  Sampling 7,949 pixels from batch...
  Sample size after final filter: 7,949

============================================================
Batch 1258/1439: Processing 500 files...
  Concatenating batch arrays...
  Filtering NaN/Inf...
  Valid batch pixels: 9,357,994
  Batch min: 0.12
  Batch max: 200.62
  Sampling 7,949 pixels from batch...
  Sample size after final filter: 7,949

============================================================
Batch 1259/1439: Processing 500 files...
  Concatenating batch arrays...
  Filtering NaN/Inf...
  Valid batch pixels: 4,126,149
  Batch min: 0.12
  Batch max: 109.25
  Sampling 7,949 pixels from batch...
  Sample size after final filter: 7,949

============================================================
Batch 1260/1439: Processing 500 files...
  Concatenating batch arrays...
  Filtering NaN/Inf...
  Valid batch pixels: 5,060,139
  Batch min: 0.12
  Batch max: 188.00
  Sampling 7,949 pixels from batch...
  Sample size after final filter: 7,949

============================================================
Batch 1261/1439: Processing 500 files...
  Concatenating batch arrays...
  Filtering NaN/Inf...
  Valid batch pixels: 16,000,227
  Batch min: 0.12
  Batch max: 267.75
  Sampling 7,949 pixels from batch...
  Sample size after final filter: 7,949

============================================================
Batch 1262/1439: Processing 500 files...
  Concatenating batch arrays...
  Filtering NaN/Inf...
  Valid batch pixels: 7,663,736
  Batch min: 0.12
  Batch max: 305.00
  Sampling 7,949 pixels from batch...
  Sample size after final filter: 7,949

============================================================
Batch 1263/1439: Processing 500 files...
  Concatenating batch arrays...
  Filtering NaN/Inf...
  Valid batch pixels: 16,945,154
  Batch min: 0.12
  Batch max: 327.75
  Sampling 7,949 pixels from batch...
  Sample size after final filter: 7,949

============================================================
Batch 1264/1439: Processing 500 files...
  Concatenating batch arrays...
  Filtering NaN/Inf...
  Valid batch pixels: 6,833,059
  Batch min: 0.12
  Batch max: 285.00
  Sampling 7,949 pixels from batch...
  Sample size after final filter: 7,949

============================================================
Batch 1265/1439: Processing 500 files...
  Concatenating batch arrays...
  Filtering NaN/Inf...
  Valid batch pixels: 28,830,784
  Batch min: 0.12
  Batch max: 241.88
  Sampling 7,949 pixels from batch...
  Sample size after final filter: 7,949

============================================================
Batch 1266/1439: Processing 500 files...
  Concatenating batch arrays...
  Filtering NaN/Inf...
  Valid batch pixels: 11,765,530
  Batch min: 0.12
  Batch max: 87.88
  Sampling 7,949 pixels from batch...
  Sample size after final filter: 7,949

============================================================
Batch 1267/1439: Processing 500 files...
  Concatenating batch arrays...
  Filtering NaN/Inf...
  Valid batch pixels: 16,109,130
  Batch min: 0.12
  Batch max: 108.88
  Sampling 7,949 pixels from batch...
  Sample size after final filter: 7,949

============================================================
Batch 1268/1439: Processing 500 files...
  Concatenating batch arrays...
  Filtering NaN/Inf...
  Valid batch pixels: 14,580,297
  Batch min: 0.12
  Batch max: 223.12
  Sampling 7,949 pixels from batch...
  Sample size after final filter: 7,949

============================================================
Batch 1269/1439: Processing 500 files...
  Concatenating batch arrays...
  Filtering NaN/Inf...
  Valid batch pixels: 8,195,157
  Batch min: 0.12
  Batch max: 126.38
  Sampling 7,949 pixels from batch...
  Sample size after final filter: 7,949

============================================================
Batch 1270/1439: Processing 500 files...
  Concatenating batch arrays...
  Filtering NaN/Inf...
  Valid batch pixels: 13,184,992
  Batch min: 0.12
  Batch max: 308.75
  Sampling 7,949 pixels from batch...
  Sample size after final filter: 7,949

============================================================
Batch 1271/1439: Processing 500 files...
  Concatenating batch arrays...
  Filtering NaN/Inf...
  Valid batch pixels: 29,274,222
  Batch min: 0.12
  Batch max: 289.00
  Sampling 7,949 pixels from batch...
  Sample size after final filter: 7,949

============================================================
Batch 1272/1439: Processing 500 files...
  Concatenating batch arrays...
  Filtering NaN/Inf...
  Valid batch pixels: 25,176,001
  Batch min: 0.12
  Batch max: 179.00
  Sampling 7,949 pixels from batch...
  Sample size after final filter: 7,949

============================================================
Batch 1273/1439: Processing 500 files...
  Concatenating batch arrays...
  Filtering NaN/Inf...
  Valid batch pixels: 29,354,373
  Batch min: 0.12
  Batch max: 139.12
  Sampling 7,949 pixels from batch...
  Sample size after final filter: 7,949

============================================================
Batch 1274/1439: Processing 500 files...
  Concatenating batch arrays...
  Filtering NaN/Inf...
  Valid batch pixels: 557,638
  Batch min: 0.12
  Batch max: 79.75
  Sampling 7,949 pixels from batch...
  Sample size after final filter: 7,949

============================================================
Batch 1275/1439: Processing 500 files...
  Concatenating batch arrays...
  Filtering NaN/Inf...
  Valid batch pixels: 8,291,780
  Batch min: 0.12
  Batch max: 197.25
  Sampling 7,949 pixels from batch...
  Sample size after final filter: 7,949

============================================================
Batch 1276/1439: Processing 500 files...
  Concatenating batch arrays...
  Filtering NaN/Inf...
  Valid batch pixels: 345,217
  Batch min: 0.12
  Batch max: 44.88
  Sampling 7,949 pixels from batch...
  Sample size after final filter: 7,949

============================================================
Batch 1277/1439: Processing 500 files...
  Concatenating batch arrays...
  Filtering NaN/Inf...
  Valid batch pixels: 2,120,745
  Batch min: 0.12
  Batch max: 309.50
  Sampling 7,949 pixels from batch...
  Sample size after final filter: 7,949

============================================================
Batch 1278/1439: Processing 500 files...
  Concatenating batch arrays...
  Filtering NaN/Inf...
  Valid batch pixels: 1,867,055
  Batch min: 0.12
  Batch max: 43.44
  Sampling 7,949 pixels from batch...
  Sample size after final filter: 7,949

============================================================
Batch 1279/1439: Processing 500 files...
  Concatenating batch arrays...
  Filtering NaN/Inf...
  Valid batch pixels: 18,692,734
  Batch min: 0.12
  Batch max: 258.50
  Sampling 7,949 pixels from batch...
  Sample size after final filter: 7,949

============================================================
Batch 1280/1439: Processing 500 files...
  Concatenating batch arrays...
  Filtering NaN/Inf...
  Valid batch pixels: 11,807,306
  Batch min: 0.12
  Batch max: 320.25
  Sampling 7,949 pixels from batch...
  Sample size after final filter: 7,949

============================================================
Batch 1281/1439: Processing 500 files...
  Concatenating batch arrays...
  Filtering NaN/Inf...
  Valid batch pixels: 18,451,657
  Batch min: 0.12
  Batch max: 351.75
  Sampling 7,949 pixels from batch...
  Sample size after final filter: 7,949

============================================================
Batch 1282/1439: Processing 500 files...
  Concatenating batch arrays...
  Filtering NaN/Inf...
  Valid batch pixels: 21,970,487
  Batch min: 0.12
  Batch max: 362.50
  Sampling 7,949 pixels from batch...
  Sample size after final filter: 7,949

============================================================
Batch 1283/1439: Processing 500 files...
  Concatenating batch arrays...
  Filtering NaN/Inf...
  Valid batch pixels: 12,187,012
  Batch min: 0.12
  Batch max: 164.62
  Sampling 7,949 pixels from batch...
  Sample size after final filter: 7,949

============================================================
Batch 1284/1439: Processing 500 files...
  Concatenating batch arrays...
  Filtering NaN/Inf...
  Valid batch pixels: 24,258,359
  Batch min: 0.12
  Batch max: 489.50
  Sampling 7,949 pixels from batch...
  Sample size after final filter: 7,949

============================================================
Batch 1285/1439: Processing 500 files...
  Concatenating batch arrays...
  Filtering NaN/Inf...
  Valid batch pixels: 8,901,358
  Batch min: 0.12
  Batch max: 274.00
  Sampling 7,949 pixels from batch...
  Sample size after final filter: 7,949

============================================================
Batch 1286/1439: Processing 500 files...
  Concatenating batch arrays...
  Filtering NaN/Inf...
  Valid batch pixels: 7,531,927
  Batch min: 0.12
  Batch max: 258.25
  Sampling 7,949 pixels from batch...
  Sample size after final filter: 7,949

============================================================
Batch 1287/1439: Processing 500 files...
  Concatenating batch arrays...
  Filtering NaN/Inf...
  Valid batch pixels: 3,892,344
  Batch min: 0.12
  Batch max: 225.50
  Sampling 7,949 pixels from batch...
  Sample size after final filter: 7,949

============================================================
Batch 1288/1439: Processing 500 files...
  Concatenating batch arrays...
  Filtering NaN/Inf...
  Valid batch pixels: 26,259,346
  Batch min: 0.12
  Batch max: 154.38
  Sampling 7,949 pixels from batch...
  Sample size after final filter: 7,949

============================================================
Batch 1289/1439: Processing 500 files...
  Concatenating batch arrays...
  Filtering NaN/Inf...
  Valid batch pixels: 4,836,103
  Batch min: 0.12
  Batch max: 136.38
  Sampling 7,949 pixels from batch...
  Sample size after final filter: 7,949

============================================================
Batch 1290/1439: Processing 500 files...
  Concatenating batch arrays...
  Filtering NaN/Inf...
  Valid batch pixels: 725,887
  Batch min: 0.12
  Batch max: 54.84
  Sampling 7,949 pixels from batch...
  Sample size after final filter: 7,949

============================================================
Batch 1291/1439: Processing 500 files...
  Concatenating batch arrays...
  Filtering NaN/Inf...
  Valid batch pixels: 1,826,451
  Batch min: 0.12
  Batch max: 34.69
  Sampling 7,949 pixels from batch...
  Sample size after final filter: 7,949

============================================================
Batch 1292/1439: Processing 500 files...
  Concatenating batch arrays...
  Filtering NaN/Inf...
  Valid batch pixels: 4,182,756
  Batch min: 0.12
  Batch max: 289.25
  Sampling 7,949 pixels from batch...
  Sample size after final filter: 7,949

============================================================
Batch 1293/1439: Processing 500 files...
  Concatenating batch arrays...
  Filtering NaN/Inf...
  Valid batch pixels: 4,763,791
  Batch min: 0.12
  Batch max: 65.62
  Sampling 7,949 pixels from batch...
  Sample size after final filter: 7,949

============================================================
Batch 1294/1439: Processing 500 files...
  Concatenating batch arrays...
  Filtering NaN/Inf...
  Valid batch pixels: 439,659
  Batch min: 0.12
  Batch max: 11.88
  Sampling 7,949 pixels from batch...
  Sample size after final filter: 7,949

============================================================
Batch 1295/1439: Processing 500 files...
  Concatenating batch arrays...
  Filtering NaN/Inf...
  Valid batch pixels: 5,963,349
  Batch min: 0.12
  Batch max: 266.75
  Sampling 7,949 pixels from batch...
  Sample size after final filter: 7,949

============================================================
Batch 1296/1439: Processing 500 files...
  Concatenating batch arrays...
  Filtering NaN/Inf...
  Valid batch pixels: 10,233,134
  Batch min: 0.12
  Batch max: 228.75
  Sampling 7,949 pixels from batch...
  Sample size after final filter: 7,949

============================================================
Batch 1297/1439: Processing 500 files...
  Concatenating batch arrays...
  Filtering NaN/Inf...
  Valid batch pixels: 9,043,818
  Batch min: 0.12
  Batch max: 252.50
  Sampling 7,949 pixels from batch...
  Sample size after final filter: 7,949

============================================================
Batch 1298/1439: Processing 500 files...
  Concatenating batch arrays...
  Filtering NaN/Inf...
  Valid batch pixels: 4,143,072
  Batch min: 0.12
  Batch max: 197.25
  Sampling 7,949 pixels from batch...
  Sample size after final filter: 7,949

============================================================
Batch 1299/1439: Processing 500 files...
  Concatenating batch arrays...
  Filtering NaN/Inf...
  Valid batch pixels: 6,842,508
  Batch min: 0.12
  Batch max: 235.88
  Sampling 7,949 pixels from batch...
  Sample size after final filter: 7,949

============================================================
Batch 1300/1439: Processing 500 files...
  Concatenating batch arrays...
  Filtering NaN/Inf...
  Valid batch pixels: 18,323,875
  Batch min: 0.12
  Batch max: 247.75
  Sampling 7,949 pixels from batch...
  Sample size after final filter: 7,949

============================================================
Batch 1301/1439: Processing 500 files...
  Concatenating batch arrays...
  Filtering NaN/Inf...
  Valid batch pixels: 10,637,919
  Batch min: 0.12
  Batch max: 233.25
  Sampling 7,949 pixels from batch...
  Sample size after final filter: 7,949

============================================================
Batch 1302/1439: Processing 500 files...
  Concatenating batch arrays...
  Filtering NaN/Inf...
  Valid batch pixels: 1,090,556
  Batch min: 0.12
  Batch max: 44.53
  Sampling 7,949 pixels from batch...
  Sample size after final filter: 7,949

============================================================
Batch 1303/1439: Processing 500 files...
  Concatenating batch arrays...
  Filtering NaN/Inf...
  Valid batch pixels: 11,657,204
  Batch min: 0.12
  Batch max: 227.50
  Sampling 7,949 pixels from batch...
  Sample size after final filter: 7,949

============================================================
Batch 1304/1439: Processing 500 files...
  Concatenating batch arrays...
  Filtering NaN/Inf...
  Valid batch pixels: 8,947,288
  Batch min: 0.12
  Batch max: 287.00
  Sampling 7,949 pixels from batch...
  Sample size after final filter: 7,949

============================================================
Batch 1305/1439: Processing 500 files...
  Concatenating batch arrays...
  Filtering NaN/Inf...
  Valid batch pixels: 431,046
  Batch min: 0.12
  Batch max: 52.44
  Sampling 7,949 pixels from batch...
  Sample size after final filter: 7,949

============================================================
Batch 1306/1439: Processing 500 files...
  Concatenating batch arrays...
  Filtering NaN/Inf...
  Valid batch pixels: 3,663
  Batch min: 0.12
  Batch max: 7.20
  Sample size after final filter: 3,663

============================================================
Batch 1307/1439: Processing 500 files...
  Concatenating batch arrays...
  Filtering NaN/Inf...
  Valid batch pixels: 254,217
  Batch min: 0.12
  Batch max: 142.75
  Sampling 7,949 pixels from batch...
  Sample size after final filter: 7,949

============================================================
Batch 1308/1439: Processing 500 files...
  Concatenating batch arrays...
  Filtering NaN/Inf...
  Valid batch pixels: 973,404
  Batch min: 0.12
  Batch max: 117.56
  Sampling 7,949 pixels from batch...
  Sample size after final filter: 7,949

============================================================
Batch 1309/1439: Processing 500 files...
  Concatenating batch arrays...
  Filtering NaN/Inf...
  Valid batch pixels: 13,170,090
  Batch min: 0.12
  Batch max: 296.50
  Sampling 7,949 pixels from batch...
  Sample size after final filter: 7,949

============================================================
Batch 1310/1439: Processing 500 files...
  Concatenating batch arrays...
  Filtering NaN/Inf...
  Valid batch pixels: 27,177,619
  Batch min: 0.12
  Batch max: 269.00
  Sampling 7,949 pixels from batch...
  Sample size after final filter: 7,949

============================================================
Batch 1311/1439: Processing 500 files...
  Concatenating batch arrays...
  Filtering NaN/Inf...
  Valid batch pixels: 30,280,471
  Batch min: 0.12
  Batch max: 247.12
  Sampling 7,949 pixels from batch...
  Sample size after final filter: 7,949

============================================================
Batch 1312/1439: Processing 500 files...
  Concatenating batch arrays...
  Filtering NaN/Inf...
  Valid batch pixels: 6,309,386
  Batch min: 0.12
  Batch max: 71.62
  Sampling 7,949 pixels from batch...
  Sample size after final filter: 7,949

============================================================
Batch 1313/1439: Processing 500 files...
  Concatenating batch arrays...
  Filtering NaN/Inf...
  Valid batch pixels: 871,040
  Batch min: 0.12
  Batch max: 41.66
  Sampling 7,949 pixels from batch...
  Sample size after final filter: 7,949

============================================================
Batch 1314/1439: Processing 500 files...
  Concatenating batch arrays...
  Filtering NaN/Inf...
  Valid batch pixels: 8,722,219
  Batch min: 0.12
  Batch max: 300.50
  Sampling 7,949 pixels from batch...
  Sample size after final filter: 7,949

============================================================
Batch 1315/1439: Processing 500 files...
  Concatenating batch arrays...
  Filtering NaN/Inf...
  Valid batch pixels: 22,995,631
  Batch min: 0.12
  Batch max: 332.75
  Sampling 7,949 pixels from batch...
  Sample size after final filter: 7,949

============================================================
Batch 1316/1439: Processing 500 files...
  Concatenating batch arrays...
  Filtering NaN/Inf...
  Valid batch pixels: 779,115
  Batch min: 0.12
  Batch max: 318.00
  Sampling 7,949 pixels from batch...
  Sample size after final filter: 7,949

============================================================
Batch 1317/1439: Processing 500 files...
  Concatenating batch arrays...
  Filtering NaN/Inf...
  Valid batch pixels: 13,573,941
  Batch min: 0.12
  Batch max: 186.50
  Sampling 7,949 pixels from batch...
  Sample size after final filter: 7,949

============================================================
Batch 1318/1439: Processing 500 files...
  Concatenating batch arrays...
  Filtering NaN/Inf...
  Valid batch pixels: 558,345
  Batch min: 0.12
  Batch max: 151.12
  Sampling 7,949 pixels from batch...
  Sample size after final filter: 7,949

============================================================
Batch 1319/1439: Processing 500 files...
  Concatenating batch arrays...
  Filtering NaN/Inf...
  Valid batch pixels: 7,920,387
  Batch min: 0.12
  Batch max: 186.88
  Sampling 7,949 pixels from batch...
  Sample size after final filter: 7,949

============================================================
Batch 1320/1439: Processing 500 files...
  Concatenating batch arrays...
  Filtering NaN/Inf...
  Valid batch pixels: 2,875,342
  Batch min: 0.12
  Batch max: 165.00
  Sampling 7,949 pixels from batch...
  Sample size after final filter: 7,949

============================================================
Batch 1321/1439: Processing 500 files...
  Concatenating batch arrays...
  Filtering NaN/Inf...
  Valid batch pixels: 14,199,273
  Batch min: 0.12
  Batch max: 491.25
  Sampling 7,949 pixels from batch...
  Sample size after final filter: 7,949

============================================================
Batch 1322/1439: Processing 500 files...
  Concatenating batch arrays...
  Filtering NaN/Inf...
  Valid batch pixels: 46,399,310
  Batch min: 0.12
  Batch max: 275.00
  Sampling 7,949 pixels from batch...
  Sample size after final filter: 7,949

============================================================
Batch 1323/1439: Processing 500 files...
  Concatenating batch arrays...
  Filtering NaN/Inf...
  Valid batch pixels: 24,393,199
  Batch min: 0.12
  Batch max: 300.25
  Sampling 7,949 pixels from batch...
  Sample size after final filter: 7,949

============================================================
Batch 1324/1439: Processing 500 files...
  Concatenating batch arrays...
  Filtering NaN/Inf...
  Valid batch pixels: 4,361,216
  Batch min: 0.12
  Batch max: 76.31
  Sampling 7,949 pixels from batch...
  Sample size after final filter: 7,949

============================================================
Batch 1325/1439: Processing 500 files...
  Concatenating batch arrays...
  Filtering NaN/Inf...
  Valid batch pixels: 21,336,516
  Batch min: 0.12
  Batch max: 130.25
  Sampling 7,949 pixels from batch...
  Sample size after final filter: 7,949

============================================================
Batch 1326/1439: Processing 500 files...
  Concatenating batch arrays...
  Filtering NaN/Inf...
  Valid batch pixels: 45,143,040
  Batch min: 0.12
  Batch max: 199.50
  Sampling 7,949 pixels from batch...
  Sample size after final filter: 7,949

============================================================
Batch 1327/1439: Processing 500 files...
  Concatenating batch arrays...
  Filtering NaN/Inf...
  Valid batch pixels: 28,473,185
  Batch min: 0.12
  Batch max: 269.75
  Sampling 7,949 pixels from batch...
  Sample size after final filter: 7,949

============================================================
Batch 1328/1439: Processing 500 files...
  Concatenating batch arrays...
  Filtering NaN/Inf...
  Valid batch pixels: 3,550,943
  Batch min: 0.12
  Batch max: 202.12
  Sampling 7,949 pixels from batch...
  Sample size after final filter: 7,949

============================================================
Batch 1329/1439: Processing 500 files...
  Concatenating batch arrays...
  Filtering NaN/Inf...
  Valid batch pixels: 1,243,940
  Batch min: 0.12
  Batch max: 51.25
  Sampling 7,949 pixels from batch...
  Sample size after final filter: 7,949

============================================================
Batch 1330/1439: Processing 500 files...
  Concatenating batch arrays...
  Filtering NaN/Inf...
  Valid batch pixels: 31,129,001
  Batch min: 0.12
  Batch max: 118.38
  Sampling 7,949 pixels from batch...
  Sample size after final filter: 7,949

============================================================
Batch 1331/1439: Processing 500 files...
  Concatenating batch arrays...
  Filtering NaN/Inf...
  Valid batch pixels: 53,586,151
  Batch min: 0.12
  Batch max: 177.25
  Sampling 7,949 pixels from batch...
  Sample size after final filter: 7,949

============================================================
Batch 1332/1439: Processing 500 files...
  Concatenating batch arrays...
  Filtering NaN/Inf...
  Valid batch pixels: 50,079,919
  Batch min: 0.12
  Batch max: 141.88
  Sampling 7,949 pixels from batch...
  Sample size after final filter: 7,949

============================================================
Batch 1333/1439: Processing 500 files...
  Concatenating batch arrays...
  Filtering NaN/Inf...
  Valid batch pixels: 15,059,725
  Batch min: 0.12
  Batch max: 112.88
  Sampling 7,949 pixels from batch...
  Sample size after final filter: 7,949

============================================================
Batch 1334/1439: Processing 500 files...
  Concatenating batch arrays...
  Filtering NaN/Inf...
  Valid batch pixels: 55,280,761
  Batch min: 0.12
  Batch max: 215.50
  Sampling 7,949 pixels from batch...
  Sample size after final filter: 7,949

============================================================
Batch 1335/1439: Processing 500 files...
  Concatenating batch arrays...
  Filtering NaN/Inf...
  Valid batch pixels: 7,555,716
  Batch min: 0.12
  Batch max: 87.50
  Sampling 7,949 pixels from batch...
  Sample size after final filter: 7,949

============================================================
Batch 1336/1439: Processing 500 files...
  Concatenating batch arrays...
  Filtering NaN/Inf...
  Valid batch pixels: 697,572
  Batch min: 0.12
  Batch max: 43.06
  Sampling 7,949 pixels from batch...
  Sample size after final filter: 7,949

============================================================
Batch 1337/1439: Processing 500 files...
  Concatenating batch arrays...
  Filtering NaN/Inf...
  Valid batch pixels: 331,874
  Batch min: 0.12
  Batch max: 28.31
  Sampling 7,949 pixels from batch...
  Sample size after final filter: 7,949

============================================================
Batch 1338/1439: Processing 500 files...
  Concatenating batch arrays...
  Filtering NaN/Inf...
  Valid batch pixels: 7,239,985
  Batch min: 0.12
  Batch max: 135.00
  Sampling 7,949 pixels from batch...
  Sample size after final filter: 7,949

============================================================
Batch 1339/1439: Processing 500 files...
  Concatenating batch arrays...
  Filtering NaN/Inf...
  Valid batch pixels: 6,019,922
  Batch min: 0.12
  Batch max: 89.12
  Sampling 7,949 pixels from batch...
  Sample size after final filter: 7,949

============================================================
Batch 1340/1439: Processing 500 files...
  Concatenating batch arrays...
  Filtering NaN/Inf...
  Valid batch pixels: 35,333,573
  Batch min: 0.12
  Batch max: 80.75
  Sampling 7,949 pixels from batch...
  Sample size after final filter: 7,949

============================================================
Batch 1341/1439: Processing 500 files...
  Concatenating batch arrays...
  Filtering NaN/Inf...
  Valid batch pixels: 7,186,560
  Batch min: 0.12
  Batch max: 144.50
  Sampling 7,949 pixels from batch...
  Sample size after final filter: 7,949

============================================================
Batch 1342/1439: Processing 500 files...
  Concatenating batch arrays...
  Filtering NaN/Inf...
  Valid batch pixels: 20,739,409
  Batch min: 0.12
  Batch max: 125.12
  Sampling 7,949 pixels from batch...
  Sample size after final filter: 7,949

============================================================
Batch 1343/1439: Processing 500 files...
  Concatenating batch arrays...
  Filtering NaN/Inf...
  Valid batch pixels: 1,642,951
  Batch min: 0.12
  Batch max: 78.88
  Sampling 7,949 pixels from batch...
  Sample size after final filter: 7,949

============================================================
Batch 1344/1439: Processing 500 files...
  Concatenating batch arrays...
  Filtering NaN/Inf...
  Valid batch pixels: 45,629,593
  Batch min: 0.12
  Batch max: 167.12
  Sampling 7,949 pixels from batch...
  Sample size after final filter: 7,949

============================================================
Batch 1345/1439: Processing 500 files...
  Concatenating batch arrays...
  Filtering NaN/Inf...
  Valid batch pixels: 12,685,563
  Batch min: 0.12
  Batch max: 176.00
  Sampling 7,949 pixels from batch...
  Sample size after final filter: 7,949

============================================================
Batch 1346/1439: Processing 500 files...
  Concatenating batch arrays...
  Filtering NaN/Inf...
  Valid batch pixels: 18,818,256
  Batch min: 0.12
  Batch max: 149.50
  Sampling 7,949 pixels from batch...
  Sample size after final filter: 7,949

============================================================
Batch 1347/1439: Processing 500 files...
  Concatenating batch arrays...
  Filtering NaN/Inf...
  Valid batch pixels: 6,727,871
  Batch min: 0.12
  Batch max: 23.41
  Sampling 7,949 pixels from batch...
  Sample size after final filter: 7,949

============================================================
Batch 1348/1439: Processing 500 files...
  Concatenating batch arrays...
  Filtering NaN/Inf...
  Valid batch pixels: 1,875,142
  Batch min: 0.12
  Batch max: 18.59
  Sampling 7,949 pixels from batch...
  Sample size after final filter: 7,949

============================================================
Batch 1349/1439: Processing 500 files...
  Concatenating batch arrays...
  Filtering NaN/Inf...
  Valid batch pixels: 896,908
  Batch min: 0.12
  Batch max: 38.28
  Sampling 7,949 pixels from batch...
  Sample size after final filter: 7,949

============================================================
Batch 1350/1439: Processing 500 files...
  Concatenating batch arrays...
  Filtering NaN/Inf...
  Valid batch pixels: 6,282,656
  Batch min: 0.12
  Batch max: 36.12
  Sampling 7,949 pixels from batch...
  Sample size after final filter: 7,949

============================================================
Batch 1351/1439: Processing 500 files...
  Concatenating batch arrays...
  Filtering NaN/Inf...
  Valid batch pixels: 2,029,702
  Batch min: 0.12
  Batch max: 90.50
  Sampling 7,949 pixels from batch...
  Sample size after final filter: 7,949

============================================================
Batch 1352/1439: Processing 500 files...
  Concatenating batch arrays...
  Filtering NaN/Inf...
  Valid batch pixels: 48,013,135
  Batch min: 0.12
  Batch max: 52.06
  Sampling 7,949 pixels from batch...
  Sample size after final filter: 7,949

============================================================
Batch 1353/1439: Processing 500 files...
  Concatenating batch arrays...
  Filtering NaN/Inf...
  Valid batch pixels: 8,682,486
  Batch min: 0.12
  Batch max: 68.38
  Sampling 7,949 pixels from batch...
  Sample size after final filter: 7,949

============================================================
Batch 1354/1439: Processing 500 files...
  Concatenating batch arrays...
  Filtering NaN/Inf...
  Valid batch pixels: 2,854,100
  Batch min: 0.12
  Batch max: 37.56
  Sampling 7,949 pixels from batch...
  Sample size after final filter: 7,949

============================================================
Batch 1355/1439: Processing 500 files...
  Concatenating batch arrays...
  Filtering NaN/Inf...
  Valid batch pixels: 8,638
  Batch min: 0.12
  Batch max: 4.32
  Sampling 7,949 pixels from batch...
  Sample size after final filter: 7,949

============================================================
Batch 1356/1439: Processing 500 files...
  Concatenating batch arrays...
  Filtering NaN/Inf...
  Valid batch pixels: 552,883
  Batch min: 0.12
  Batch max: 46.94
  Sampling 7,949 pixels from batch...
  Sample size after final filter: 7,949

============================================================
Batch 1357/1439: Processing 500 files...
  Concatenating batch arrays...
  Filtering NaN/Inf...
  Valid batch pixels: 13,322,924
  Batch min: 0.12
  Batch max: 44.88
  Sampling 7,949 pixels from batch...
  Sample size after final filter: 7,949

============================================================
Batch 1358/1439: Processing 500 files...
  Concatenating batch arrays...
  Filtering NaN/Inf...
  Valid batch pixels: 59,781,054
  Batch min: 0.12
  Batch max: 133.25
  Sampling 7,949 pixels from batch...
  Sample size after final filter: 7,949

============================================================
Batch 1359/1439: Processing 500 files...
  Concatenating batch arrays...
  Filtering NaN/Inf...
  Valid batch pixels: 41,020,118
  Batch min: 0.12
  Batch max: 98.44
  Sampling 7,949 pixels from batch...
  Sample size after final filter: 7,949

============================================================
Batch 1360/1439: Processing 500 files...
  Concatenating batch arrays...
  Filtering NaN/Inf...
  Valid batch pixels: 28,965,649
  Batch min: 0.12
  Batch max: 54.00
  Sampling 7,949 pixels from batch...
  Sample size after final filter: 7,949

============================================================
Batch 1361/1439: Processing 500 files...
  Concatenating batch arrays...
  Filtering NaN/Inf...
  Valid batch pixels: 36,179,531
  Batch min: 0.12
  Batch max: 37.69
  Sampling 7,949 pixels from batch...
  Sample size after final filter: 7,949

============================================================
Batch 1362/1439: Processing 500 files...
  Concatenating batch arrays...
  Filtering NaN/Inf...
  Valid batch pixels: 47,455,858
  Batch min: 0.12
  Batch max: 138.75
  Sampling 7,949 pixels from batch...
  Sample size after final filter: 7,949

============================================================
Batch 1363/1439: Processing 500 files...
  Concatenating batch arrays...
  Filtering NaN/Inf...
  Valid batch pixels: 38,692,676
  Batch min: 0.12
  Batch max: 83.75
  Sampling 7,949 pixels from batch...
  Sample size after final filter: 7,949

============================================================
Batch 1364/1439: Processing 500 files...
  Concatenating batch arrays...
  Filtering NaN/Inf...
  Valid batch pixels: 39,537,893
  Batch min: 0.12
  Batch max: 72.62
  Sampling 7,949 pixels from batch...
  Sample size after final filter: 7,949

============================================================
Batch 1365/1439: Processing 500 files...
  Concatenating batch arrays...
  Filtering NaN/Inf...
  Valid batch pixels: 11,764,925
  Batch min: 0.12
  Batch max: 44.38
  Sampling 7,949 pixels from batch...
  Sample size after final filter: 7,949

============================================================
Batch 1366/1439: Processing 500 files...
  Concatenating batch arrays...
  Filtering NaN/Inf...
  Valid batch pixels: 28,501,188
  Batch min: 0.12
  Batch max: 79.06
  Sampling 7,949 pixels from batch...
  Sample size after final filter: 7,949

============================================================
Batch 1367/1439: Processing 500 files...
  Concatenating batch arrays...
  Filtering NaN/Inf...
  Valid batch pixels: 32,414,497
  Batch min: 0.12
  Batch max: 98.88
  Sampling 7,949 pixels from batch...
  Sample size after final filter: 7,949

============================================================
Batch 1368/1439: Processing 500 files...
  Concatenating batch arrays...
  Filtering NaN/Inf...
  Valid batch pixels: 8,978,921
  Batch min: 0.12
  Batch max: 83.31
  Sampling 7,949 pixels from batch...
  Sample size after final filter: 7,949

============================================================
Batch 1369/1439: Processing 500 files...
  Concatenating batch arrays...
  Filtering NaN/Inf...
  Valid batch pixels: 21,000,425
  Batch min: 0.12
  Batch max: 233.50
  Sampling 7,949 pixels from batch...
  Sample size after final filter: 7,949

============================================================
Batch 1370/1439: Processing 500 files...
  Concatenating batch arrays...
  Filtering NaN/Inf...
  Valid batch pixels: 17,760,183
  Batch min: 0.12
  Batch max: 242.50
  Sampling 7,949 pixels from batch...
  Sample size after final filter: 7,949

============================================================
Batch 1371/1439: Processing 500 files...
  Concatenating batch arrays...
  Filtering NaN/Inf...
  Valid batch pixels: 11,380,229
  Batch min: 0.12
  Batch max: 160.75
  Sampling 7,949 pixels from batch...
  Sample size after final filter: 7,949

============================================================
Batch 1372/1439: Processing 500 files...
  Concatenating batch arrays...
  Filtering NaN/Inf...
  Valid batch pixels: 9,759,506
  Batch min: 0.12
  Batch max: 84.00
  Sampling 7,949 pixels from batch...
  Sample size after final filter: 7,949

============================================================
Batch 1373/1439: Processing 500 files...
  Concatenating batch arrays...
  Filtering NaN/Inf...
  Valid batch pixels: 32,184,863
  Batch min: 0.12
  Batch max: 116.50
  Sampling 7,949 pixels from batch...
  Sample size after final filter: 7,949

============================================================
Batch 1374/1439: Processing 500 files...
  Concatenating batch arrays...
  Filtering NaN/Inf...
  Valid batch pixels: 10,891,213
  Batch min: 0.12
  Batch max: 225.38
  Sampling 7,949 pixels from batch...
  Sample size after final filter: 7,949

============================================================
Batch 1375/1439: Processing 500 files...
  Concatenating batch arrays...
  Filtering NaN/Inf...
  Valid batch pixels: 15,355,158
  Batch min: 0.12
  Batch max: 137.50
  Sampling 7,949 pixels from batch...
  Sample size after final filter: 7,949

============================================================
Batch 1376/1439: Processing 500 files...
  Concatenating batch arrays...
  Filtering NaN/Inf...
  Valid batch pixels: 9,919,981
  Batch min: 0.12
  Batch max: 50.38
  Sampling 7,949 pixels from batch...
  Sample size after final filter: 7,949

============================================================
Batch 1377/1439: Processing 500 files...
  Concatenating batch arrays...
  Filtering NaN/Inf...
  Valid batch pixels: 16,149,908
  Batch min: 0.12
  Batch max: 183.38
  Sampling 7,949 pixels from batch...
  Sample size after final filter: 7,949

============================================================
Batch 1378/1439: Processing 500 files...
  Concatenating batch arrays...
  Filtering NaN/Inf...
  Valid batch pixels: 17,048,683
  Batch min: 0.12
  Batch max: 475.50
  Sampling 7,949 pixels from batch...
  Sample size after final filter: 7,949

============================================================
Batch 1379/1439: Processing 500 files...
  Concatenating batch arrays...
  Filtering NaN/Inf...
  Valid batch pixels: 17,915,878
  Batch min: 0.12
  Batch max: 296.00
  Sampling 7,949 pixels from batch...
  Sample size after final filter: 7,949

============================================================
Batch 1380/1439: Processing 500 files...
  Concatenating batch arrays...
  Filtering NaN/Inf...
  Valid batch pixels: 20,562,746
  Batch min: 0.12
  Batch max: 148.25
  Sampling 7,949 pixels from batch...
  Sample size after final filter: 7,949

============================================================
Batch 1381/1439: Processing 500 files...
  Concatenating batch arrays...
  Filtering NaN/Inf...
  Valid batch pixels: 14,595,990
  Batch min: 0.12
  Batch max: 184.88
  Sampling 7,949 pixels from batch...
  Sample size after final filter: 7,949

============================================================
Batch 1382/1439: Processing 500 files...
  Concatenating batch arrays...
  Filtering NaN/Inf...
  Valid batch pixels: 27,354,029
  Batch min: 0.12
  Batch max: 70.69
  Sampling 7,949 pixels from batch...
  Sample size after final filter: 7,949

============================================================
Batch 1383/1439: Processing 500 files...
  Concatenating batch arrays...
  Filtering NaN/Inf...
  Valid batch pixels: 22,773,603
  Batch min: 0.12
  Batch max: 150.38
  Sampling 7,949 pixels from batch...
  Sample size after final filter: 7,949

============================================================
Batch 1384/1439: Processing 500 files...
  Concatenating batch arrays...
  Filtering NaN/Inf...
  Valid batch pixels: 18,374,513
  Batch min: 0.12
  Batch max: 256.75
  Sampling 7,949 pixels from batch...
  Sample size after final filter: 7,949

============================================================
Batch 1385/1439: Processing 500 files...
  Concatenating batch arrays...
  Filtering NaN/Inf...
  Valid batch pixels: 17,425,102
  Batch min: 0.12
  Batch max: 137.50
  Sampling 7,949 pixels from batch...
  Sample size after final filter: 7,949

============================================================
Batch 1386/1439: Processing 500 files...
  Concatenating batch arrays...
  Filtering NaN/Inf...
  Valid batch pixels: 26,538,030
  Batch min: 0.12
  Batch max: 267.25
  Sampling 7,949 pixels from batch...
  Sample size after final filter: 7,949

============================================================
Batch 1387/1439: Processing 500 files...
  Concatenating batch arrays...
  Filtering NaN/Inf...
  Valid batch pixels: 21,432,846
  Batch min: 0.12
  Batch max: 429.75
  Sampling 7,949 pixels from batch...
  Sample size after final filter: 7,949

============================================================
Batch 1388/1439: Processing 500 files...
  Concatenating batch arrays...
  Filtering NaN/Inf...
  Valid batch pixels: 15,937,242
  Batch min: 0.12
  Batch max: 106.75
  Sampling 7,949 pixels from batch...
  Sample size after final filter: 7,949

============================================================
Batch 1389/1439: Processing 500 files...
  Concatenating batch arrays...
  Filtering NaN/Inf...
  Valid batch pixels: 26,950,990
  Batch min: 0.12
  Batch max: 90.69
  Sampling 7,949 pixels from batch...
  Sample size after final filter: 7,949

============================================================
Batch 1390/1439: Processing 500 files...
  Concatenating batch arrays...
  Filtering NaN/Inf...
  Valid batch pixels: 9,609,385
  Batch min: 0.12
  Batch max: 65.31
  Sampling 7,949 pixels from batch...
  Sample size after final filter: 7,949

============================================================
Batch 1391/1439: Processing 500 files...
  Concatenating batch arrays...
  Filtering NaN/Inf...
  Valid batch pixels: 15,030,037
  Batch min: 0.12
  Batch max: 85.94
  Sampling 7,949 pixels from batch...
  Sample size after final filter: 7,949

============================================================
Batch 1392/1439: Processing 500 files...
  Concatenating batch arrays...
  Filtering NaN/Inf...
  Valid batch pixels: 6,193,088
  Batch min: 0.12
  Batch max: 186.75
  Sampling 7,949 pixels from batch...
  Sample size after final filter: 7,949

============================================================
Batch 1393/1439: Processing 500 files...
  Concatenating batch arrays...
  Filtering NaN/Inf...
  Valid batch pixels: 22,799,576
  Batch min: 0.12
  Batch max: 316.75
  Sampling 7,949 pixels from batch...
  Sample size after final filter: 7,949

============================================================
Batch 1394/1439: Processing 500 files...
  Concatenating batch arrays...
  Filtering NaN/Inf...
  Valid batch pixels: 17,520,320
  Batch min: 0.12
  Batch max: 147.50
  Sampling 7,949 pixels from batch...
  Sample size after final filter: 7,949

============================================================
Batch 1395/1439: Processing 500 files...
  Concatenating batch arrays...
  Filtering NaN/Inf...
  Valid batch pixels: 10,303,136
  Batch min: 0.12
  Batch max: 153.88
  Sampling 7,949 pixels from batch...
  Sample size after final filter: 7,949

============================================================
Batch 1396/1439: Processing 500 files...
  Concatenating batch arrays...
  Filtering NaN/Inf...
  Valid batch pixels: 9,314,543
  Batch min: 0.12
  Batch max: 79.25
  Sampling 7,949 pixels from batch...
  Sample size after final filter: 7,949

============================================================
Batch 1397/1439: Processing 500 files...
  Concatenating batch arrays...
  Filtering NaN/Inf...
  Valid batch pixels: 34,778,618
  Batch min: 0.12
  Batch max: 139.75
  Sampling 7,949 pixels from batch...
  Sample size after final filter: 7,949

============================================================
Batch 1398/1439: Processing 500 files...
  Concatenating batch arrays...
  Filtering NaN/Inf...
  Valid batch pixels: 8,585,913
  Batch min: 0.12
  Batch max: 219.75
  Sampling 7,949 pixels from batch...
  Sample size after final filter: 7,949

============================================================
Batch 1399/1439: Processing 500 files...
  Concatenating batch arrays...
  Filtering NaN/Inf...
  Valid batch pixels: 17,336,796
  Batch min: 0.12
  Batch max: 113.88
  Sampling 7,949 pixels from batch...
  Sample size after final filter: 7,949

============================================================
Batch 1400/1439: Processing 500 files...
  Concatenating batch arrays...
  Filtering NaN/Inf...
  Valid batch pixels: 7,779,561
  Batch min: 0.12
  Batch max: 61.94
  Sampling 7,949 pixels from batch...
  Sample size after final filter: 7,949

============================================================
Batch 1401/1439: Processing 500 files...
  Concatenating batch arrays...
  Filtering NaN/Inf...
  Valid batch pixels: 16,783,859
  Batch min: 0.12
  Batch max: 224.50
  Sampling 7,949 pixels from batch...
  Sample size after final filter: 7,949

============================================================
Batch 1402/1439: Processing 500 files...
  Concatenating batch arrays...
  Filtering NaN/Inf...
  Valid batch pixels: 17,165,750
  Batch min: 0.12
  Batch max: 455.25
  Sampling 7,949 pixels from batch...
  Sample size after final filter: 7,949

============================================================
Batch 1403/1439: Processing 500 files...
  Concatenating batch arrays...
  Filtering NaN/Inf...
  Valid batch pixels: 19,807,040
  Batch min: 0.12
  Batch max: 487.00
  Sampling 7,949 pixels from batch...
  Sample size after final filter: 7,949

============================================================
Batch 1404/1439: Processing 500 files...
  Concatenating batch arrays...
  Filtering NaN/Inf...
  Valid batch pixels: 18,721,974
  Batch min: 0.12
  Batch max: 136.25
  Sampling 7,949 pixels from batch...
  Sample size after final filter: 7,949

============================================================
Batch 1405/1439: Processing 500 files...
  Concatenating batch arrays...
  Filtering NaN/Inf...
  Valid batch pixels: 17,275,834
  Batch min: 0.12
  Batch max: 155.25
  Sampling 7,949 pixels from batch...
  Sample size after final filter: 7,949

============================================================
Batch 1406/1439: Processing 500 files...
  Concatenating batch arrays...
  Filtering NaN/Inf...
  Valid batch pixels: 27,418,233
  Batch min: 0.12
  Batch max: 74.12
  Sampling 7,949 pixels from batch...
  Sample size after final filter: 7,949

============================================================
Batch 1407/1439: Processing 500 files...
  Concatenating batch arrays...
  Filtering NaN/Inf...
  Valid batch pixels: 21,514,365
  Batch min: 0.12
  Batch max: 166.62
  Sampling 7,949 pixels from batch...
  Sample size after final filter: 7,949

============================================================
Batch 1408/1439: Processing 500 files...
  Concatenating batch arrays...
  Filtering NaN/Inf...
  Valid batch pixels: 19,532,699
  Batch min: 0.12
  Batch max: 281.50
  Sampling 7,949 pixels from batch...
  Sample size after final filter: 7,949

============================================================
Batch 1409/1439: Processing 500 files...
  Concatenating batch arrays...
  Filtering NaN/Inf...
  Valid batch pixels: 18,051,688
  Batch min: 0.12
  Batch max: 141.38
  Sampling 7,949 pixels from batch...
  Sample size after final filter: 7,949

============================================================
Batch 1410/1439: Processing 500 files...
  Concatenating batch arrays...
  Filtering NaN/Inf...
  Valid batch pixels: 24,106,025
  Batch min: 0.12
  Batch max: 320.00
  Sampling 7,949 pixels from batch...
  Sample size after final filter: 7,949

============================================================
Batch 1411/1439: Processing 500 files...
  Concatenating batch arrays...
  Filtering NaN/Inf...
  Valid batch pixels: 21,755,680
  Batch min: 0.12
  Batch max: 417.00
  Sampling 7,949 pixels from batch...
  Sample size after final filter: 7,949

============================================================
Batch 1412/1439: Processing 500 files...
  Concatenating batch arrays...
  Filtering NaN/Inf...
  Valid batch pixels: 14,305,307
  Batch min: 0.12
  Batch max: 69.25
  Sampling 7,949 pixels from batch...
  Sample size after final filter: 7,949

============================================================
Batch 1413/1439: Processing 500 files...
  Concatenating batch arrays...
  Filtering NaN/Inf...
  Valid batch pixels: 26,667,418
  Batch min: 0.12
  Batch max: 96.38
  Sampling 7,949 pixels from batch...
  Sample size after final filter: 7,949

============================================================
Batch 1414/1439: Processing 500 files...
  Concatenating batch arrays...
  Filtering NaN/Inf...
  Valid batch pixels: 9,829,920
  Batch min: 0.12
  Batch max: 71.88
  Sampling 7,949 pixels from batch...
  Sample size after final filter: 7,949

============================================================
Batch 1415/1439: Processing 500 files...
  Concatenating batch arrays...
  Filtering NaN/Inf...
  Valid batch pixels: 17,445,974
  Batch min: 0.12
  Batch max: 98.50
  Sampling 7,949 pixels from batch...
  Sample size after final filter: 7,949

============================================================
Batch 1416/1439: Processing 500 files...
  Concatenating batch arrays...
  Filtering NaN/Inf...
  Valid batch pixels: 6,273,811
  Batch min: 0.12
  Batch max: 116.88
  Sampling 7,949 pixels from batch...
  Sample size after final filter: 7,949

============================================================
Batch 1417/1439: Processing 500 files...
  Concatenating batch arrays...
  Filtering NaN/Inf...
  Valid batch pixels: 22,191,737
  Batch min: 0.12
  Batch max: 410.50
  Sampling 7,949 pixels from batch...
  Sample size after final filter: 7,949

============================================================
Batch 1418/1439: Processing 500 files...
  Concatenating batch arrays...
  Filtering NaN/Inf...
  Valid batch pixels: 18,123,204
  Batch min: 0.12
  Batch max: 186.25
  Sampling 7,949 pixels from batch...
  Sample size after final filter: 7,949

============================================================
Batch 1419/1439: Processing 500 files...
  Concatenating batch arrays...
  Filtering NaN/Inf...
  Valid batch pixels: 10,883,887
  Batch min: 0.12
  Batch max: 289.00
  Sampling 7,949 pixels from batch...
  Sample size after final filter: 7,949

============================================================
Batch 1420/1439: Processing 500 files...
  Concatenating batch arrays...
  Filtering NaN/Inf...
  Valid batch pixels: 8,216,717
  Batch min: 0.12
  Batch max: 68.62
  Sampling 7,949 pixels from batch...
  Sample size after final filter: 7,949

============================================================
Batch 1421/1439: Processing 500 files...
  Concatenating batch arrays...
  Filtering NaN/Inf...
  Valid batch pixels: 36,567,381
  Batch min: 0.12
  Batch max: 201.50
  Sampling 7,949 pixels from batch...
  Sample size after final filter: 7,949

============================================================
Batch 1422/1439: Processing 500 files...
  Concatenating batch arrays...
  Filtering NaN/Inf...
  Valid batch pixels: 11,037,387
  Batch min: 0.12
  Batch max: 170.25
  Sampling 7,949 pixels from batch...
  Sample size after final filter: 7,949

============================================================
Batch 1423/1439: Processing 500 files...
  Concatenating batch arrays...
  Filtering NaN/Inf...
  Valid batch pixels: 11,433,344
  Batch min: 0.12
  Batch max: 121.69
  Sampling 7,949 pixels from batch...
  Sample size after final filter: 7,949

============================================================
Batch 1424/1439: Processing 500 files...
  Concatenating batch arrays...
  Filtering NaN/Inf...
  Valid batch pixels: 8,524,000
  Batch min: 0.12
  Batch max: 83.06
  Sampling 7,949 pixels from batch...
  Sample size after final filter: 7,949

============================================================
Batch 1425/1439: Processing 500 files...
  Concatenating batch arrays...
  Filtering NaN/Inf...
  Valid batch pixels: 16,513,242
  Batch min: 0.12
  Batch max: 267.75
  Sampling 7,949 pixels from batch...
  Sample size after final filter: 7,949

============================================================
Batch 1426/1439: Processing 500 files...
  Concatenating batch arrays...
  Filtering NaN/Inf...
  Valid batch pixels: 19,299,542
  Batch min: 0.12
  Batch max: 302.50
  Sampling 7,949 pixels from batch...
  Sample size after final filter: 7,949

============================================================
Batch 1427/1439: Processing 500 files...
  Concatenating batch arrays...
  Filtering NaN/Inf...
  Valid batch pixels: 18,734,129
  Batch min: 0.12
  Batch max: 361.00
  Sampling 7,949 pixels from batch...
  Sample size after final filter: 7,949

============================================================
Batch 1428/1439: Processing 500 files...
  Concatenating batch arrays...
  Filtering NaN/Inf...
  Valid batch pixels: 19,954,622
  Batch min: 0.12
  Batch max: 148.62
  Sampling 7,949 pixels from batch...
  Sample size after final filter: 7,949

============================================================
Batch 1429/1439: Processing 500 files...
  Concatenating batch arrays...
  Filtering NaN/Inf...
  Valid batch pixels: 16,017,991
  Batch min: 0.12
  Batch max: 97.38
  Sampling 7,949 pixels from batch...
  Sample size after final filter: 7,949

============================================================
Batch 1430/1439: Processing 500 files...
  Concatenating batch arrays...
  Filtering NaN/Inf...
  Valid batch pixels: 27,956,929
  Batch min: 0.12
  Batch max: 67.44
  Sampling 7,949 pixels from batch...
  Sample size after final filter: 7,949

============================================================
Batch 1431/1439: Processing 500 files...
  Concatenating batch arrays...
  Filtering NaN/Inf...
  Valid batch pixels: 23,100,486
  Batch min: 0.12
  Batch max: 223.12
  Sampling 7,949 pixels from batch...
  Sample size after final filter: 7,949

============================================================
Batch 1432/1439: Processing 500 files...
  Concatenating batch arrays...
  Filtering NaN/Inf...
  Valid batch pixels: 18,602,773
  Batch min: 0.12
  Batch max: 245.25
  Sampling 7,949 pixels from batch...
  Sample size after final filter: 7,949

============================================================
Batch 1433/1439: Processing 500 files...
  Concatenating batch arrays...
  Filtering NaN/Inf...
  Valid batch pixels: 19,837,077
  Batch min: 0.12
  Batch max: 216.75
  Sampling 7,949 pixels from batch...
  Sample size after final filter: 7,949

============================================================
Batch 1434/1439: Processing 500 files...
  Concatenating batch arrays...
  Filtering NaN/Inf...
  Valid batch pixels: 23,464,432
  Batch min: 0.12
  Batch max: 245.62
  Sampling 7,949 pixels from batch...
  Sample size after final filter: 7,949

============================================================
Batch 1435/1439: Processing 500 files...
  Concatenating batch arrays...
  Filtering NaN/Inf...
  Valid batch pixels: 21,891,816
  Batch min: 0.12
  Batch max: 451.50
  Sampling 7,949 pixels from batch...
  Sample size after final filter: 7,949

============================================================
Batch 1436/1439: Processing 500 files...
  Concatenating batch arrays...
  Filtering NaN/Inf...
  Valid batch pixels: 12,780,120
  Batch min: 0.12
  Batch max: 67.69
  Sampling 7,949 pixels from batch...
  Sample size after final filter: 7,949

============================================================
Batch 1437/1439: Processing 500 files...
  Concatenating batch arrays...
  Filtering NaN/Inf...
  Valid batch pixels: 24,240,738
  Batch min: 0.12
  Batch max: 108.56
  Sampling 7,949 pixels from batch...
  Sample size after final filter: 7,949

============================================================
Batch 1438/1439: Processing 500 files...
  Concatenating batch arrays...
  Filtering NaN/Inf...
  Valid batch pixels: 10,350,345
  Batch min: 0.12
  Batch max: 79.31
  Sampling 7,949 pixels from batch...
  Sample size after final filter: 7,949

============================================================
Batch 1439/1439: Processing 268 files...
  Concatenating batch arrays...
  Filtering NaN/Inf...
  Valid batch pixels: 7,836,816
  Batch min: 0.12
  Batch max: 85.69
  Sampling 7,949 pixels from batch...
  Sample size after final filter: 7,949

============================================================
Total pixels across all batches: 25,303,704,418
Number of sample arrays: 1439

Combining samples from all batches...
Combined array size: 11,418,480
Combined array dtype: float64

Final filtering pass...
After final filters: 11,418,480
Sample min: 0.12
Sample max: 314.75
Sample mean: 1.34
NaN in final sample: 0
Inf in final sample: 0

Subsampling to 10,000,000 pixels...
After subsampling: 10,000,000 pixels

============================================================
Computing P99.5 threshold...
============================================================

  Before cleaning: 10,000,000 values
  After cleaning: 10,000,000 values
  NaN count in 'clean' data: 0
  Inf count in 'clean' data: 0
  Min: 0.1200
  Max: 314.7500
  Mean: 1.3364
  Std: 2.9776
  Sorting 10,000,000 values...
    Manual P99.5 calculation:
    Index: 9949999.01 (between 9949999 and 9950000)
    Lower value: 16.3281
    Upper value: 16.3281
    Result: 16.3281
  NumPy percentile: 16.3281

============================================================
✅ COMPUTATION COMPLETE
============================================================
Total pixels processed : 25,303,704,418
P99.5 THRESHOLD = 16.3281 mm/h
Saved JSON : metadata/storm_threshold.json
Saved NPY  : metadata/storm_threshold.npy
============================================================

